state,matlab_avg,model_avg,avg_err_pct,daily_nRMSE_pct,max_daily_dev,pyadm1_avg_err_pct,pyadm1_nRMSE_pct,PASS
S_su,0.012644598254072936,0.012402390582869766,-1.9155030973416132,13.07690978622861,0.006222876337973484,1.73,12.9,True
S_aa,0.00563843988051752,0.005527727283401643,-1.9635324568844332,14.454232448973537,0.0031121937341736126,1.87,14.6,True
S_fa,0.11197417562395555,0.10898177806451868,-2.6723997232060688,17.38330944066297,0.06656645503791708,2.21,14.7,True
S_va,0.012609959637288148,0.012305156075435154,-2.4171652457290813,15.206385220521282,0.007515086517329934,2.26,15.1,True
S_bu,0.014308607103772096,0.013994499581123889,-2.195234800775266,15.141921509018609,0.008387126558255843,2.03,15.1,True
S_pro,0.01815239057525633,0.017645165863269845,-2.7942584745718637,16.414203614275856,0.011426875594837847,2.49,16.0,True
S_ac,0.09296660756330795,0.09058896631020084,-2.557521797800345,18.468223209078385,0.06334596796866382,2.17,17.0,True
S_h2,2.5517425595238093e-07,2.504505988944782e-07,-1.8511495371164057,13.866211311134839,1.3284783688338433e-07,1.78,13.3,True
S_ch4,0.05559646874476148,0.055537667461956125,-0.10576442017442562,2.116360919813765,0.0045370516687107815,0.08,1.9,True
S_IC,0.09486565803909837,0.09523074518725645,0.3848464825992293,1.3824265702574752,0.0031160687113215707,0.36,1.4,True
S_IN,0.09428208478542356,0.09460618503604729,0.3437559228366059,1.3895520565893864,0.0030105576471180645,0.34,1.4,True
S_I,0.12715157027971033,0.13215030930031668,3.931323073407615,5.897469579817825,0.01588292601782927,3.92,5.9,True
X_xc,0.10735129542553963,0.10900224681519906,1.5378961037359353,1.928647345487301,0.006362228842692955,1.53,2.1,True
X_ch,0.020544422356177375,0.021028870009250054,2.3580495215384465,13.938380129768465,0.009363982577692715,2.35,13.8,True
X_pr,0.08571824063976843,0.08422513121187027,-1.7418806274535796,14.599971052679955,0.047900926616681556,1.73,14.5,True
X_li,0.04356977459814423,0.044561603008655644,2.276413912303466,14.13518241209639,0.020368335569085804,2.27,14.0,True
X_su,0.308686347253763,0.32003628166195575,3.6768501455175397,4.097476855494039,0.023581725945583776,3.67,4.1,True
X_aa,0.93466611401797,0.9336743802486932,-0.10610567286038156,1.091341216442907,0.044078362686099326,0.12,1.1,True
X_fa,0.33315667535305504,0.3453476918355469,3.6592442488426005,4.101570968818791,0.02620941336343352,3.64,4.1,True
X_c4,0.33650399530538727,0.3369998989768493,0.1473693264806469,1.0812731676664666,0.015895917821893812,0.14,1.1,True
X_pro,0.10098187163596639,0.10203263534238813,1.0405468718283188,1.5379978326670132,0.0052227836022647744,1.03,1.6,True
X_ac,0.6744499132540592,0.684189777817957,1.4441197741289988,1.8898954666456629,0.03655442955869659,1.43,1.9,True
X_h2,0.2831558486270022,0.2884664014426128,1.8754875950332675,2.3073325840930288,0.016855314470546723,1.86,2.3,True
X_I,16.733926458508513,17.59968245249929,5.173657217494084,5.314612559851727,1.2755340559733916,5.18,5.3,True
S_cation,1.2869412251436012e-29,0.0,-1.2869412251436012e-29,,3.3128125000000003e-29,,,True
S_anion,0.005238900010074363,0.005261132003756443,0.4243637717713339,0.6774157487484997,7.831922490619554e-05,0.43,0.7,True
pH,7.261406518994833,7.262323414245718,0.012626964879140813,0.1316412390265605,0.02596166209225892,0.01,0.1,True
S_va_ion,0.012559844814910794,0.012256522993689708,-2.415012491722739,15.20152661022177,0.007485096053161133,2.26,15.1,True
S_bu_ion,0.014256730232831739,0.013944035007254276,-2.1933165632703,15.1374565823494,0.008356663284981187,2.03,15.1,True
S_pro_ion,0.018076640173438026,0.017572117245656632,-2.791021577797096,16.409196797030777,0.011378790448053488,2.49,16.0,True
S_ac_ion,0.09267340042276775,0.09030467801764512,-2.5559895226858345,18.46574394424924,0.0631479260776184,2.17,17.0,True
S_hco3_ion,0.08540294541073096,0.08574366231884707,0.39895217486644613,1.5638942172371932,0.0032297661093821928,0.38,1.6,True
S_co2,0.009462712628367417,0.009487082868409316,0.2575396823194382,1.1985688897401334,0.00036391359714277836,0.24,1.1,True
S_nh3,0.001881005766694885,0.001887084518603894,0.323164979961229,3.3295336555037975,0.00014310643256325848,0.36,3.4,True
S_nh4_ion,0.0924010790187287,0.09271910051744334,0.3441750919923578,1.3577743409878986,0.0028882199016230653,0.33,1.3,True
S_gas_h2,1.1176154947916668e-05,1.0978466622108322e-05,-1.7688402382538202,12.17872395230309,5.325731369393614e-06,1.79,11.7,True
S_gas_ch4,1.6551068908931927,1.6530460528487543,-0.12451389428548106,0.5917869370512358,0.04056783025676247,0.1,0.5,True
S_gas_co2,0.013530575890469116,0.013565407677662842,0.257430189784171,1.1303398497346806,0.0004863493727018872,0.21,1.1,True
