time,S_su,S_aa,S_fa,S_va,S_bu,S_pro,S_ac,S_h2,S_ch4,S_IC,S_IN,S_I,X_xc,X_ch,X_pr,X_li,X_su,X_aa,X_fa,X_c4,X_pro,X_ac,X_h2,X_I,S_cation,S_anion,Q,T (C),S_H_ion,S_va_ion,S_bu_ion,S_pro_ion,S_ac_ion,S_hco3_ion,S_co2,S_nh3,S_nh4_ion,S_gas_h2,S_gas_ch4,S_gas_co2
0,0.0021055300835874998,0.043495064580387204,0.0,0.0,0.0,0.0,0.0,0.0,0.0,0.007905548172248355,0.0018920294250312916,0.031028991296777386,0.0,4.136009732856182,16.109104543420745,8.957467438434222,0.0,0.0,0.0,0.0,0.0,0.0,0.0,18.353512302099883,0.0,0.005266580426298791,177.86521808664835,35.0,0.0,0.0,0.0,0.0,0.0,0.0,0.0,0.0,0.0,0.0,0.0,0.0
1,0.009181788243498459,0.04242472821734367,0.0,0.0,0.0,0.0,0.0,0.0,0.0,0.007911459332471718,0.0017933958107436353,0.027126514422569564,0.0,4.850425494974815,15.496597071531324,10.606188597864834,0.0,0.0,0.0,0.0,0.0,0.0,0.0,18.80982991544054,0.0,0.0053586603316874695,166.74802023837137,35.0,0.0,0.0,0.0,0.0,0.0,0.0,0.0,0.0,0.0,0.0,0.0,0.0
2,0.007217978893301198,0.04114964437186223,0.0,0.0,0.0,0.0,0.0,0.0,0.0,0.007906956720603282,0.0020076943292044896,0.030086874366294314,0.0,4.476031742070059,16.864807341206685,9.743316797606484,0.0,0.0,0.0,0.0,0.0,0.0,0.0,18.539514444536014,0.0,0.005140251870842552,172.64863024779496,35.0,0.0,0.0,0.0,0.0,0.0,0.0,0.0,0.0,0.0,0.0,0.0,0.0
3,0.0017099763558549896,0.04812176433902366,0.0,0.0,0.0,0.0,0.0,0.0,0.0,0.007932648599700729,0.0020690075982828645,0.029323363497025415,0.0,4.555337044484939,15.94683276993448,9.945314913969785,0.0,0.0,0.0,0.0,0.0,0.0,0.0,18.412470728429323,0.0,0.005111244380862927,173.15103200975193,35.0,0.0,0.0,0.0,0.0,0.0,0.0,0.0,0.0,0.0,0.0,0.0,0.0
4,0.0026093840523607604,0.046280115359781,0.0,0.0,0.0,0.0,0.0,0.0,0.0,0.007894424333420125,0.0019352262563220625,0.03109306992689041,0.0,4.51490238300117,16.504060996795577,9.814391506921872,0.0,0.0,0.0,0.0,0.0,0.0,0.0,18.892337948679124,0.0,0.005207391061250115,179.31428482774007,35.0,0.0,0.0,0.0,0.0,0.0,0.0,0.0,0.0,0.0,0.0,0.0,0.0
5,0.004422661484195771,0.04026627589964158,0.0,0.0,0.0,0.0,0.0,0.0,0.0,0.007812468872040468,0.002023204890333604,0.028860512680406774,0.0,4.558332505202288,16.794673621849423,9.849274655185363,0.0,0.0,0.0,0.0,0.0,0.0,0.0,19.89295270693817,0.0,0.005056812752235844,141.9366580139732,35.0,0.0,0.0,0.0,0.0,0.0,0.0,0.0,0.0,0.0,0.0,0.0,0.0
6,0.0005357821232403958,0.03289703492425668,0.0,0.0,0.0,0.0,0.0,0.0,0.0,0.007867644917012343,0.0018948492811035626,0.028319729763284313,0.0,3.6282792453704267,15.658861598150125,7.763474987336416,0.0,0.0,0.0,0.0,0.0,0.0,0.0,17.82440924993665,0.0,0.005246075701082031,157.2398247403976,35.0,0.0,0.0,0.0,0.0,0.0,0.0,0.0,0.0,0.0,0.0,0.0,0.0
7,0.0034416897786380316,0.03942650635418233,0.0,0.0,0.0,0.0,0.0,0.0,0.0,0.007929378252378855,0.0020162186192114896,0.03203510402521277,0.0,4.07480437119563,17.43768710417988,8.799646394653776,0.0,0.0,0.0,0.0,0.0,0.0,0.0,18.973510860877298,0.0,0.005173297043786125,166.27518155818595,35.0,0.0,0.0,0.0,0.0,0.0,0.0,0.0,0.0,0.0,0.0,0.0,0.0
8,0.0007192029438058021,0.04313958136143609,0.0,0.0,0.0,0.0,0.0,0.0,0.0,0.00794398815326072,0.0018343670559103438,0.02811755556419128,0.0,3.9375370574709163,15.91631971608607,8.515768939771025,0.0,0.0,0.0,0.0,0.0,0.0,0.0,17.669078548223375,0.0,0.005361795467780708,199.69459637964644,35.0,0.0,0.0,0.0,0.0,0.0,0.0,0.0,0.0,0.0,0.0,0.0,0.0
9,0.0016980570229352709,0.04366547919798457,0.0,0.0,0.0,0.0,0.0,0.0,0.0,0.007995020758490052,0.0020693696164876874,0.027388180026377478,0.0,4.227609760541299,14.905610480564725,9.185537750051061,0.0,0.0,0.0,0.0,0.0,0.0,0.0,17.614108502990373,0.0,0.005175055467851312,183.29369858712278,35.0,0.0,0.0,0.0,0.0,0.0,0.0,0.0,0.0,0.0,0.0,0.0,0.0
10,0.0011731730468284064,0.029771982740721344,0.0,0.0,0.0,0.0,0.0,0.0,0.0,0.008142873574236207,0.001496367390295375,0.02125303356573198,0.0,2.8413730052085264,9.954128999830486,6.137980942715873,0.0,0.0,0.0,0.0,0.0,0.0,0.0,12.502414419457695,0.0,0.0058449890997292605,307.0680328133198,35.0,0.0,0.0,0.0,0.0,0.0,0.0,0.0,0.0,0.0,0.0,0.0,0.0
11,0.002106930501189927,0.03540891326080905,0.0,0.0,0.0,0.0,0.0,0.0,0.0,0.008154521550654041,0.001759635807155698,0.027159595704293594,0.0,2.8548400261499585,13.867683498362071,6.0555795204128,0.0,0.0,0.0,0.0,0.0,0.0,0.0,14.792681305337517,0.0,0.005587612944277239,215.19037190086078,35.0,0.0,0.0,0.0,0.0,0.0,0.0,0.0,0.0,0.0,0.0,0.0,0.0
12,0.0017560521571243126,0.027764614103444576,0.0,0.0,0.0,0.0,0.0,0.0,0.0,0.00803769674167499,0.0017814372446317292,0.02956432624897901,0.0,3.2518255088602466,14.457261131958118,6.88561872034488,0.0,0.0,0.0,0.0,0.0,0.0,0.0,16.760854510741446,0.0,0.005472148433729063,171.6922404994373,35.0,0.0,0.0,0.0,0.0,0.0,0.0,0.0,0.0,0.0,0.0,0.0,0.0
13,0.00233124431543225,0.015613548641426512,0.0,0.0,0.0,0.0,0.0,0.0,0.0,0.008304294891925365,0.001561916590776302,0.021559650543620284,0.0,1.927993090999566,11.252938586948659,3.9815662577184914,0.0,0.0,0.0,0.0,0.0,0.0,0.0,12.681662187389092,0.0,0.005917524895568511,261.69061156125264,35.0,0.0,0.0,0.0,0.0,0.0,0.0,0.0,0.0,0.0,0.0,0.0,0.0
14,0.011295857620679322,0.012934613008128322,0.0,0.0,0.0,0.0,0.0,0.0,0.0,0.008559504702845385,0.001692562724821052,0.01735666968438623,0.0,1.5881222449383163,10.281149928171084,3.283516940068789,0.0,0.0,0.0,0.0,0.0,0.0,0.0,10.80886113908254,0.0,0.005992419420459979,314.0725872533707,35.0,0.0,0.0,0.0,0.0,0.0,0.0,0.0,0.0,0.0,0.0,0.0,0.0
15,0.0035230219712064897,0.020043671188317718,0.0,0.0,0.0,0.0,0.0,0.0,0.0,0.008320584212303292,0.0012993853503055937,0.01925660588975621,0.0,1.7542082381392474,7.942227870100596,3.6840752852918723,0.0,0.0,0.0,0.0,0.0,0.0,0.0,9.461196478016456,0.0,0.006127115716017729,368.47096353791966,35.0,0.0,0.0,0.0,0.0,0.0,0.0,0.0,0.0,0.0,0.0,0.0,0.0
16,0.0019709805021311875,0.022523765586795638,0.0,0.0,0.0,0.0,0.0,0.0,0.0,0.010129239986841657,0.002900758073228812,0.013928904898376978,0.0,1.5205733791710065,7.777206842866025,3.198454810223158,0.0,0.0,0.0,0.0,0.0,0.0,0.0,8.946687731758896,0.0,0.006112756630347636,377.16093853450667,35.0,0.0,0.0,0.0,0.0,0.0,0.0,0.0,0.0,0.0,0.0,0.0,0.0
17,0.001577226714099573,0.0277153824257583,0.0,0.0,0.0,0.0,0.0,0.0,0.0,0.008378195030841343,0.0012692560367499166,0.015266862252848833,0.0,2.0401673654982537,9.160905637733551,4.29735139503447,0.0,0.0,0.0,0.0,0.0,0.0,0.0,10.0788769865228,0.0,0.006106256090885051,323.98346745235375,35.0,0.0,0.0,0.0,0.0,0.0,0.0,0.0,0.0,0.0,0.0,0.0,0.0
18,0.00020360601296957293,0.032768408802988,0.0,0.0,0.0,0.0,0.0,0.0,0.0,0.008320514673109104,0.0016157133198562398,0.02561215350352602,0.0,2.772908993539239,12.901700306117403,5.878801921123391,0.0,0.0,0.0,0.0,0.0,0.0,0.0,13.251509759796415,0.0,0.005712143801693261,235.91185800994765,35.0,0.0,0.0,0.0,0.0,0.0,0.0,0.0,0.0,0.0,0.0,0.0,0.0
19,0.00019158666841263543,0.030548383893836698,0.0,0.0,0.0,0.0,0.0,0.0,0.0,0.008330072684087345,0.0019418526595821979,0.029886947652937302,0.0,3.525741360984567,15.112574761770738,7.508109457722618,0.0,0.0,0.0,0.0,0.0,0.0,0.0,16.303706947604173,0.0,0.005420781781673604,171.83410268120406,35.0,0.0,0.0,0.0,0.0,0.0,0.0,0.0,0.0,0.0,0.0,0.0,0.0
20,4.680555180022917e-05,0.028940745363878143,0.0,0.0,0.0,0.0,0.0,0.0,0.0,0.009398804836094501,0.0027644152413196874,0.030133603417007396,0.0,2.8035624348533417,14.507285749413535,5.884615641450299,0.0,0.0,0.0,0.0,0.0,0.0,0.0,15.297160766667977,0.0,0.005574901520513584,175.6866187659649,35.0,0.0,0.0,0.0,0.0,0.0,0.0,0.0,0.0,0.0,0.0,0.0,0.0
21,0.009626694913939615,0.03447114161196312,0.0,0.0,0.0,0.0,0.0,0.0,0.0,0.007995795919062115,0.0018213623696594168,0.030969918217997165,0.0,4.194505545822124,15.760091628448192,9.054932963619125,0.0,0.0,0.0,0.0,0.0,0.0,0.0,16.96945429938498,0.0,0.0052634398068144165,178.3635917657757,35.0,0.0,0.0,0.0,0.0,0.0,0.0,0.0,0.0,0.0,0.0,0.0,0.0
22,0.0010262508263290625,0.038718791889503425,0.0,0.0,0.0,0.0,0.0,0.0,0.0,0.008409194897916292,0.0022204168080353854,0.030367733332830663,0.0,3.683079022699774,15.878894530354225,7.941101962310245,0.0,0.0,0.0,0.0,0.0,0.0,0.0,15.989361203522632,0.0,0.005227470090282197,191.63376667908543,35.0,0.0,0.0,0.0,0.0,0.0,0.0,0.0,0.0,0.0,0.0,0.0,0.0
23,0.013180403312626647,0.03269577281188268,0.0,0.0,0.0,0.0,0.0,0.0,0.0,0.007934180704629552,0.0018561449657646875,0.03034259364315731,0.0,4.5471684572197075,16.874849313545106,9.842555576724811,0.0,0.0,0.0,0.0,0.0,0.0,0.0,17.93863327983063,0.0,0.005187717853163135,175.50067024171804,35.0,0.0,0.0,0.0,0.0,0.0,0.0,0.0,0.0,0.0,0.0,0.0,0.0
24,0.008304677633350896,0.03725488756561745,0.0,0.0,0.0,0.0,0.0,0.0,0.0,0.008007547026084364,0.0018744029468775,0.028151760758171666,0.0,4.025697634276245,16.268931788712774,8.710267751394124,0.0,0.0,0.0,0.0,0.0,0.0,0.0,16.93768212698193,0.0,0.005240222560731583,183.6323698391999,35.0,0.0,0.0,0.0,0.0,0.0,0.0,0.0,0.0,0.0,0.0,0.0,0.0
25,0.0012868997070160312,0.04539476295469639,0.0,0.0,0.0,0.0,0.0,0.0,0.0,0.008436424324670032,0.0025185739011905624,0.027726466978435782,0.0,4.396411362534476,16.301929069074294,9.565839464277513,0.0,0.0,0.0,0.0,0.0,0.0,0.0,17.441449271455824,0.0,0.004995915409666531,182.2691754307258,35.0,0.0,0.0,0.0,0.0,0.0,0.0,0.0,0.0,0.0,0.0,0.0,0.0
26,0.004016490863313385,0.03707053663200917,0.0,0.0,0.0,0.0,0.0,0.0,0.0,0.008312938666800574,0.0023615465516905834,0.029509129556755772,0.0,3.635170631791033,17.384937641156107,7.7406162233991855,0.0,0.0,0.0,0.0,0.0,0.0,0.0,17.94436033908543,0.0,0.005065813761381438,153.63635928935852,35.0,0.0,0.0,0.0,0.0,0.0,0.0,0.0,0.0,0.0,0.0,0.0,0.0
27,4.867435025289583e-05,0.029948241442220584,0.0,0.0,0.0,0.0,0.0,0.0,0.0,0.007953111382153344,0.001899821370168729,0.02978074248585549,0.0,3.708671768909666,16.67285617770159,7.887250583822812,0.0,0.0,0.0,0.0,0.0,0.0,0.0,17.694715195510923,0.0,0.005223628917194676,152.28831147014358,35.0,0.0,0.0,0.0,0.0,0.0,0.0,0.0,0.0,0.0,0.0,0.0,0.0
28,0.0005255694387886353,0.04343642145903743,0.0,0.0,0.0,0.0,0.0,0.0,0.0,0.007949117333018323,0.0020206088636604063,0.030190510065619573,0.0,4.283313997688839,17.810222061710693,9.239749336782415,0.0,0.0,0.0,0.0,0.0,0.0,0.0,17.93197608917632,0.0,0.005096540130976604,169.72553783448885,35.0,0.0,0.0,0.0,0.0,0.0,0.0,0.0,0.0,0.0,0.0,0.0,0.0
29,0.006404765757235489,0.04423676574827101,0.0,0.0,0.0,0.0,0.0,0.0,0.0,0.007890811925618354,0.0021014175860373436,0.027053952839598955,0.0,4.67606053289641,16.693070441610143,10.163546581675089,0.0,0.0,0.0,0.0,0.0,0.0,0.0,17.8864066163495,0.0,0.004960382602737469,176.42902404825892,35.0,0.0,0.0,0.0,0.0,0.0,0.0,0.0,0.0,0.0,0.0,0.0,0.0
30,0.0064999776372975,0.03919735692816242,0.0,0.0,0.0,0.0,0.0,0.0,0.0,0.007911801438170094,0.0020600655077335104,0.029295374440713895,0.0,4.907518631477801,15.357730341246558,10.702953742101997,0.0,0.0,0.0,0.0,0.0,0.0,0.0,17.642932953581752,0.0,0.005023924511052969,178.42804370082013,35.0,0.0,0.0,0.0,0.0,0.0,0.0,0.0,0.0,0.0,0.0,0.0,0.0
31,0.004466591576857844,0.044620504417699165,0.0,0.0,0.0,0.0,0.0,0.0,0.0,0.007900328198107478,0.002004663730799771,0.03401314212523205,0.0,4.7591583522232,15.521829355903073,10.345825701618114,0.0,0.0,0.0,0.0,0.0,0.0,0.0,18.0184937380866,0.0,0.005071185406872834,177.80624329005317,35.0,0.0,0.0,0.0,0.0,0.0,0.0,0.0,0.0,0.0,0.0,0.0,0.0
32,0.00437884703507924,0.04344560587399753,0.0,0.0,0.0,0.0,0.0,0.0,0.0,0.007915159639225271,0.0017899406052511977,0.03372080327809777,0.0,4.194220151473795,17.68623587548232,9.027853336217229,0.0,0.0,0.0,0.0,0.0,0.0,0.0,17.991720275777336,0.0,0.005297740348142813,177.0499623127848,35.0,0.0,0.0,0.0,0.0,0.0,0.0,0.0,0.0,0.0,0.0,0.0,0.0
33,0.005033520382665813,0.03730779815866179,0.0,0.0,0.0,0.0,0.0,0.0,0.0,0.007914601100495853,0.0017746673259821041,0.02940041722137973,0.0,4.170247872815688,15.938080882678266,8.941568521891176,0.0,0.0,0.0,0.0,0.0,0.0,0.0,17.871969028067983,0.0,0.005337287498067729,156.36203790093003,35.0,0.0,0.0,0.0,0.0,0.0,0.0,0.0,0.0,0.0,0.0,0.0,0.0
34,0.0014063945848392916,0.038378463061288455,0.0,0.0,0.0,0.0,0.0,0.0,0.0,0.007867492007970813,0.0020538771468446666,0.029362791251051,0.0,4.001404689845233,18.230544554253253,8.5064543989463,0.0,0.0,0.0,0.0,0.0,0.0,0.0,19.138962325784615,0.0,0.005036042626339646,134.87521256853805,35.0,0.0,0.0,0.0,0.0,0.0,0.0,0.0,0.0,0.0,0.0,0.0,0.0
35,0.0016590593872672394,0.04321734972254989,0.0,0.0,0.0,0.0,0.0,0.0,0.0,0.007963197195040907,0.0018730120733169377,0.029174434588772644,0.0,4.4476927368256165,16.469433455527035,9.649284599636372,0.0,0.0,0.0,0.0,0.0,0.0,0.0,17.708358547058886,0.0,0.005286936261142469,179.4113340496183,35.0,0.0,0.0,0.0,0.0,0.0,0.0,0.0,0.0,0.0,0.0,0.0,0.0
36,0.0008135321559956042,0.046871010078782194,0.0,0.0,0.0,0.0,0.0,0.0,0.0,0.007951174602943532,0.0021395600142704477,0.030411604962982123,0.0,4.122479502928324,17.14548269483487,8.875148834690501,0.0,0.0,0.0,0.0,0.0,0.0,0.0,17.839181526676924,0.0,0.005016324443999573,175.37750017726668,35.0,0.0,0.0,0.0,0.0,0.0,0.0,0.0,0.0,0.0,0.0,0.0,0.0
37,0.004858898293029468,0.03532009202734499,0.0,0.0,0.0,0.0,0.0,0.0,0.0,0.008077393980272135,0.002143813420202604,0.03062584139598247,0.0,3.7525789788291353,16.680496454134595,8.05206671222817,0.0,0.0,0.0,0.0,0.0,0.0,0.0,16.81272620878624,0.0,0.005137281080481187,185.47854597799525,35.0,0.0,0.0,0.0,0.0,0.0,0.0,0.0,0.0,0.0,0.0,0.0,0.0
38,0.007966013830661022,0.033608150129485696,0.0,0.0,0.0,0.0,0.0,0.0,0.0,0.007918493873526208,0.001904180511329,0.03175980529626624,0.0,4.322880612746757,15.391691822609046,9.352558148501119,0.0,0.0,0.0,0.0,0.0,0.0,0.0,16.805995244212053,0.0,0.005230138497362584,190.87897695500752,35.0,0.0,0.0,0.0,0.0,0.0,0.0,0.0,0.0,0.0,0.0,0.0,0.0
39,0.011781408640871125,0.027563368638481522,0.0,0.0,0.0,0.0,0.0,0.0,0.0,0.007994883520241311,0.0017704129817934582,0.02963663613716275,0.0,4.064365210059751,15.85211961258085,8.750194960253964,0.0,0.0,0.0,0.0,0.0,0.0,0.0,16.959743482767983,0.0,0.005423829961334834,197.94506097166922,35.0,0.0,0.0,0.0,0.0,0.0,0.0,0.0,0.0,0.0,0.0,0.0,0.0
40,0.0019440822773628956,0.021363028263194167,0.0,0.0,0.0,0.0,0.0,0.0,0.0,0.008206700991837854,0.001584625745274448,0.016975877471232314,0.0,2.211921631209044,10.108136411014284,4.6318951112544395,0.0,0.0,0.0,0.0,0.0,0.0,0.0,11.972843641003386,0.0,0.0057922424699669165,275.7840913620978,35.0,0.0,0.0,0.0,0.0,0.0,0.0,0.0,0.0,0.0,0.0,0.0,0.0
41,0.00041649150431541664,0.02001068954924828,0.0,0.0,0.0,0.0,0.0,0.0,0.0,0.008724145146249406,0.0021271072539638543,0.02155083389641195,0.0,1.9537602803015741,12.419329345802046,3.980776514262063,0.0,0.0,0.0,0.0,0.0,0.0,0.0,13.363846585324545,0.0,0.00572547564930976,218.54033449224457,35.0,0.0,0.0,0.0,0.0,0.0,0.0,0.0,0.0,0.0,0.0,0.0,0.0
42,0.008148193354343521,0.028680486207226758,0.0,0.0,0.0,0.0,0.0,0.0,0.0,0.008506136228438146,0.0023827293405419793,0.02783331085734481,0.0,3.6108845457390726,16.087847536644855,7.730825685740029,0.0,0.0,0.0,0.0,0.0,0.0,0.0,16.58119205246201,0.0,0.005273113940314844,185.22956277787503,35.0,0.0,0.0,0.0,0.0,0.0,0.0,0.0,0.0,0.0,0.0,0.0,0.0
43,0.014629431530918635,0.03037024818009954,0.0,0.0,0.0,0.0,0.0,0.0,0.0,0.007898539453673853,0.0017914614888004273,0.03261904515558869,0.0,4.15274076525206,17.451517087537173,8.932054541947782,0.0,0.0,0.0,0.0,0.0,0.0,0.0,17.86018577432323,0.0,0.005298080708612281,177.6183912187794,35.0,0.0,0.0,0.0,0.0,0.0,0.0,0.0,0.0,0.0,0.0,0.0,0.0
44,0.006955443867183229,0.03968184508692258,0.0,0.0,0.0,0.0,0.0,0.0,0.0,0.007930162850864135,0.0019366649969041769,0.03021631289724276,0.0,3.8727160447950126,18.155517212872052,8.264741605745268,0.0,0.0,0.0,0.0,0.0,0.0,0.0,18.150026383080554,0.0,0.005195204545218812,177.79139188565648,35.0,0.0,0.0,0.0,0.0,0.0,0.0,0.0,0.0,0.0,0.0,0.0,0.0
45,0.004473088557001042,0.031071903684781698,0.0,0.0,0.0,0.0,0.0,0.0,0.0,0.008325571068445396,0.002144786758777521,0.023024911100371356,0.0,2.9472797411968834,15.855589987640913,6.24192107314981,0.0,0.0,0.0,0.0,0.0,0.0,0.0,14.890754753491157,0.0,0.005356988599299292,223.7669949507385,35.0,0.0,0.0,0.0,0.0,0.0,0.0,0.0,0.0,0.0,0.0,0.0,0.0
46,0.0035466234951345415,0.0454099435922796,0.0,0.0,0.0,0.0,0.0,0.0,0.0,0.007963563221039062,0.002092511060093271,0.028108113976364688,0.0,4.627626469122758,16.86166802045996,10.009845005969899,0.0,0.0,0.0,0.0,0.0,0.0,0.0,17.99478901775688,0.0,0.005089282280953583,177.3214148033894,35.0,0.0,0.0,0.0,0.0,0.0,0.0,0.0,0.0,0.0,0.0,0.0,0.0
47,0.004329424479127855,0.036080785932972086,0.0,0.0,0.0,0.0,0.0,0.0,0.0,0.007796606433381406,0.0018399459538715624,0.03043454524597315,0.0,3.762696511828248,18.3758581093509,7.957671839858879,0.0,0.0,0.0,0.0,0.0,0.0,0.0,18.900325195060077,0.0,0.005195279278419333,158.1811589168591,35.0,0.0,0.0,0.0,0.0,0.0,0.0,0.0,0.0,0.0,0.0,0.0,0.0
48,0.0,0.026196574721792352,0.0,0.0,0.0,0.0,0.0,0.0,0.0,0.008948272598587083,0.002975397993889448,0.030926779802331758,0.0,2.723147009458705,16.60826613380034,5.632338646017591,0.0,0.0,0.0,0.0,0.0,0.0,0.0,16.79815216804866,0.0,0.005143113118417979,167.24055789838437,35.0,0.0,0.0,0.0,0.0,0.0,0.0,0.0,0.0,0.0,0.0,0.0,0.0
49,0.0009215760026165103,0.03784625187135331,0.0,0.0,0.0,0.0,0.0,0.0,0.0,0.007995723479145156,0.0018137534642920835,0.03120699926103721,0.0,3.8500529521295035,16.79485232466546,8.22804672537796,0.0,0.0,0.0,0.0,0.0,0.0,0.0,17.647686854306176,0.0,0.00541402750209628,181.1917761603605,35.0,0.0,0.0,0.0,0.0,0.0,0.0,0.0,0.0,0.0,0.0,0.0,0.0
50,0.0002122655524420104,0.03927266139000872,0.0,0.0,0.0,0.0,0.0,0.0,0.0,0.008114953524874688,0.0020301785786191458,0.030043257960194778,0.0,4.061948520641331,16.362347811678394,8.746395582958613,0.0,0.0,0.0,0.0,0.0,0.0,0.0,17.02996510708437,0.0,0.005299043196407292,182.26647650576754,35.0,0.0,0.0,0.0,0.0,0.0,0.0,0.0,0.0,0.0,0.0,0.0,0.0
51,0.0051123418707763124,0.03585323413545884,0.0,0.0,0.0,0.0,0.0,0.0,0.0,0.007939440100024146,0.002121334064723104,0.03095634700212589,0.0,4.694085202979923,15.22704407495957,10.19926666738724,0.0,0.0,0.0,0.0,0.0,0.0,0.0,17.182205491299552,0.0,0.005053097810450291,190.4656431506962,35.0,0.0,0.0,0.0,0.0,0.0,0.0,0.0,0.0,0.0,0.0,0.0,0.0
52,0.00035106422799645835,0.04436460989661436,0.0,0.0,0.0,0.0,0.0,0.0,0.0,0.00794245878975221,0.0020258067872970624,0.029043925538300614,0.0,4.663101642946995,16.638438806266453,10.091291382737642,0.0,0.0,0.0,0.0,0.0,0.0,0.0,17.960758802672157,0.0,0.0051458526688173125,176.81558862544242,35.0,0.0,0.0,0.0,0.0,0.0,0.0,0.0,0.0,0.0,0.0,0.0,0.0
53,0.0005237567716629896,0.0462592153785461,0.0,0.0,0.0,0.0,0.0,0.0,0.0,0.007971809415876593,0.001937709747556021,0.02897315177515429,0.0,4.236714907195705,17.188912686950715,9.113933224127429,0.0,0.0,0.0,0.0,0.0,0.0,0.0,17.78224901643522,0.0,0.005259192746464489,182.57040394821342,35.0,0.0,0.0,0.0,0.0,0.0,0.0,0.0,0.0,0.0,0.0,0.0,0.0
54,0.004251794051025459,0.035952986775673205,0.0,0.0,0.0,0.0,0.0,0.0,0.0,0.008578804471464105,0.0024968570371041664,0.028847144546874075,0.0,3.4211422979780224,17.743956794772682,7.227731018095883,0.0,0.0,0.0,0.0,0.0,0.0,0.0,17.784058230798582,0.0,0.0052812731372777815,162.4772080006306,35.0,0.0,0.0,0.0,0.0,0.0,0.0,0.0,0.0,0.0,0.0,0.0,0.0
55,0.0011371576938837187,0.029564717147002113,0.0,0.0,0.0,0.0,0.0,0.0,0.0,0.008170874766209032,0.0021572808627359167,0.029472822697395987,0.0,3.4712934633576644,17.273402634188656,7.301957408106619,0.0,0.0,0.0,0.0,0.0,0.0,0.0,18.33508357716535,0.0,0.005266062944631281,155.64818714531458,35.0,0.0,0.0,0.0,0.0,0.0,0.0,0.0,0.0,0.0,0.0,0.0,0.0
56,0.00035153326832828126,0.039450885150838756,0.0,0.0,0.0,0.0,0.0,0.0,0.0,0.007974809878913563,0.0019565783285256043,0.03095044084119424,0.0,4.208813787209695,16.91104137660201,9.04343772402472,0.0,0.0,0.0,0.0,0.0,0.0,0.0,18.046489236530583,0.0,0.005272805896585833,175.35746266434458,35.0,0.0,0.0,0.0,0.0,0.0,0.0,0.0,0.0,0.0,0.0,0.0,0.0
57,0.002117930458806823,0.033936970820209,0.0,0.0,0.0,0.0,0.0,0.0,0.0,0.008049200294129354,0.0018871333288537396,0.027987456188433176,0.0,3.1524950431005148,16.510942557624755,6.636084721091571,0.0,0.0,0.0,0.0,0.0,0.0,0.0,16.836345974138307,0.0,0.005408003781959562,190.5365384123221,35.0,0.0,0.0,0.0,0.0,0.0,0.0,0.0,0.0,0.0,0.0,0.0,0.0
58,0.002654329069966885,0.023191422518988217,0.0,0.0,0.0,0.0,0.0,0.0,0.0,0.008737040323515802,0.0021731620733803332,0.020229801775033533,0.0,2.238104334186548,12.243940023131143,4.66139094499201,0.0,0.0,0.0,0.0,0.0,0.0,0.0,12.81664558612338,0.0,0.00574524128074326,245.7266002532573,35.0,0.0,0.0,0.0,0.0,0.0,0.0,0.0,0.0,0.0,0.0,0.0,0.0
59,0.0030155661645305,0.03172610641950082,0.0,0.0,0.0,0.0,0.0,0.0,0.0,0.00840621047654523,0.0023075174116047397,0.027568893883051407,0.0,3.2455432256603327,16.943436924243144,6.8327842676251445,0.0,0.0,0.0,0.0,0.0,0.0,0.0,17.191675683533184,0.0,0.005321531057423938,173.17179228283052,35.0,0.0,0.0,0.0,0.0,0.0,0.0,0.0,0.0,0.0,0.0,0.0,0.0
60,0.008274771429206238,0.01872777391929899,0.0,0.0,0.0,0.0,0.0,0.0,0.0,0.008178555860659218,0.001607184790244,0.020334639353864866,0.0,2.179094516061152,12.930996760989698,4.517612850550068,0.0,0.0,0.0,0.0,0.0,0.0,0.0,12.709087474100924,0.0,0.005785965330105094,280.5968003250386,35.0,0.0,0.0,0.0,0.0,0.0,0.0,0.0,0.0,0.0,0.0,0.0,0.0
61,0.0008619386447163333,0.02059997006346698,0.0,0.0,0.0,0.0,0.0,0.0,0.0,0.008603301875234906,0.0018710108957605105,0.01869956323358306,0.0,2.141377050606492,10.948662790609708,4.408595217819197,0.0,0.0,0.0,0.0,0.0,0.0,0.0,13.089674176037946,0.0,0.005919384123500896,236.75335139623635,35.0,0.0,0.0,0.0,0.0,0.0,0.0,0.0,0.0,0.0,0.0,0.0,0.0
62,0.0,0.016749544904117647,0.0,0.0,0.0,0.0,0.0,0.0,0.0,0.009158676164169136,0.002176897017680333,0.01895898695002773,0.0,1.3989972203161092,11.502061523112156,2.811615960621642,0.0,0.0,0.0,0.0,0.0,0.0,0.0,11.745349912226851,0.0,0.006086503227796354,249.2607547835598,35.0,0.0,0.0,0.0,0.0,0.0,0.0,0.0,0.0,0.0,0.0,0.0,0.0
63,3.745172149813542e-05,0.031211829948563852,0.0,0.0,0.0,0.0,0.0,0.0,0.0,0.00836692188858501,0.0020049381985800105,0.024427082044573726,0.0,2.5533964412486676,14.778159608325192,5.314331206629768,0.0,0.0,0.0,0.0,0.0,0.0,0.0,14.620095175675864,0.0,0.005535163013151625,205.3050179799466,35.0,0.0,0.0,0.0,0.0,0.0,0.0,0.0,0.0,0.0,0.0,0.0,0.0
64,0.0008194066106273334,0.02843898046865149,0.0,0.0,0.0,0.0,0.0,0.0,0.0,0.008036077508896542,0.0017990929743985729,0.027032194506623936,0.0,3.20853098449785,13.863431751015915,6.812529174559329,0.0,0.0,0.0,0.0,0.0,0.0,0.0,15.167829885379989,0.0,0.005432076824154031,202.2831373263848,35.0,0.0,0.0,0.0,0.0,0.0,0.0,0.0,0.0,0.0,0.0,0.0,0.0
65,0.009509373390573938,0.0174798841866885,0.0,0.0,0.0,0.0,0.0,0.0,0.0,0.008076788116904854,0.0017166579637682084,0.024464469995110084,0.0,2.7428544371184973,13.737791211305675,5.76654242824583,0.0,0.0,0.0,0.0,0.0,0.0,0.0,14.318841156211008,0.0,0.00554334976593325,228.57416487900056,35.0,0.0,0.0,0.0,0.0,0.0,0.0,0.0,0.0,0.0,0.0,0.0,0.0
66,0.005832471805815927,0.03162267081817849,0.0,0.0,0.0,0.0,0.0,0.0,0.0,0.008459504344439624,0.001883134614121302,0.020340520333158262,0.0,2.8993969640977677,12.324510939655097,6.188804119776573,0.0,0.0,0.0,0.0,0.0,0.0,0.0,13.341046949769193,0.0,0.005696965761380583,270.6763781876609,35.0,0.0,0.0,0.0,0.0,0.0,0.0,0.0,0.0,0.0,0.0,0.0,0.0
67,0.0025108086897418958,0.03835822262053698,0.0,0.0,0.0,0.0,0.0,0.0,0.0,0.008124413327452762,0.001980564641703844,0.029388952937975218,0.0,3.6738198273880673,16.43702403391143,7.842953918788794,0.0,0.0,0.0,0.0,0.0,0.0,0.0,16.37771288342933,0.0,0.005293492184281198,193.79838892688167,35.0,0.0,0.0,0.0,0.0,0.0,0.0,0.0,0.0,0.0,0.0,0.0,0.0
68,0.002829170513621833,0.029691309082972014,0.0,0.0,0.0,0.0,0.0,0.0,0.0,0.008705709200068261,0.0022977455447069166,0.028583338954078028,0.0,2.8984556894640243,16.85423602150778,6.04588853073852,0.0,0.0,0.0,0.0,0.0,0.0,0.0,15.920943458944087,0.0,0.005526827094788886,174.90028516398021,35.0,0.0,0.0,0.0,0.0,0.0,0.0,0.0,0.0,0.0,0.0,0.0,0.0
69,0.0012525614498865311,0.028239032674224753,0.0,0.0,0.0,0.0,0.0,0.0,0.0,0.007973549897912541,0.001956533770762021,0.03142837261310221,0.0,3.689389285720097,16.37957079311288,7.820597691032979,0.0,0.0,0.0,0.0,0.0,0.0,0.0,16.97026900010759,0.0,0.005225968453084927,161.27132102627976,35.0,0.0,0.0,0.0,0.0,0.0,0.0,0.0,0.0,0.0,0.0,0.0,0.0
70,0.001681761819962156,0.038824632679486354,0.0,0.0,0.0,0.0,0.0,0.0,0.0,0.007976453584950855,0.0018789456188725937,0.031230048281942927,0.0,3.717425185903782,16.45546116638993,7.9284924247808775,0.0,0.0,0.0,0.0,0.0,0.0,0.0,16.902940030151637,0.0,0.0052907870550500105,181.75562851974178,35.0,0.0,0.0,0.0,0.0,0.0,0.0,0.0,0.0,0.0,0.0,0.0,0.0
71,0.0008567898792084062,0.04153572673879872,0.0,0.0,0.0,0.0,0.0,0.0,0.0,0.007949922902363937,0.0018726834989749271,0.029523263646649343,0.0,3.878189523697962,17.274133490762612,8.295891805954215,0.0,0.0,0.0,0.0,0.0,0.0,0.0,17.035366656323486,0.0,0.005271398767308594,194.87058154809768,35.0,0.0,0.0,0.0,0.0,0.0,0.0,0.0,0.0,0.0,0.0,0.0,0.0
72,0.0020835630074971666,0.037941921361466464,0.0,0.0,0.0,0.0,0.0,0.0,0.0,0.008148822374514584,0.0020475837804875626,0.02878497764424624,0.0,3.6686445533187846,17.07693484594107,7.833545205037679,0.0,0.0,0.0,0.0,0.0,0.0,0.0,16.74091277282025,0.0,0.005289408025286448,191.74399691743267,35.0,0.0,0.0,0.0,0.0,0.0,0.0,0.0,0.0,0.0,0.0,0.0,0.0
73,0.0035198361015027087,0.03763489115153191,0.0,0.0,0.0,0.0,0.0,0.0,0.0,0.007985048761320354,0.001798689211081948,0.03004642980655131,0.0,3.660083048104356,15.772944455803817,7.801475151011719,0.0,0.0,0.0,0.0,0.0,0.0,0.0,16.05842792874041,0.0,0.005390308326893532,195.0246302276172,35.0,0.0,0.0,0.0,0.0,0.0,0.0,0.0,0.0,0.0,0.0,0.0,0.0
74,0.0010274241078224167,0.04857386520635395,0.0,0.0,0.0,0.0,0.0,0.0,0.0,0.007946331345781198,0.0020743882056947706,0.030136807230866782,0.0,4.549108851239704,17.11949403859557,9.81802602246843,0.0,0.0,0.0,0.0,0.0,0.0,0.0,17.083472888041506,0.0,0.005087550875287239,182.61155790338373,35.0,0.0,0.0,0.0,0.0,0.0,0.0,0.0,0.0,0.0,0.0,0.0,0.0
75,0.001023304592355375,0.036173902085195345,0.0,0.0,0.0,0.0,0.0,0.0,0.0,0.008123640261175208,0.002160866940832448,0.027106247441202543,0.0,3.468853756706549,18.152224025588172,7.312427752772501,0.0,0.0,0.0,0.0,0.0,0.0,0.0,17.361657902105147,0.0,0.005172939251211354,159.94173440385316,35.0,0.0,0.0,0.0,0.0,0.0,0.0,0.0,0.0,0.0,0.0,0.0,0.0
76,0.0,0.030810079608762055,0.0,0.0,0.0,0.0,0.0,0.0,0.0,0.00796524973183097,0.001917674730108198,0.02957353553208476,0.0,3.7241553330666495,15.785623342825055,7.884332351672846,0.0,0.0,0.0,0.0,0.0,0.0,0.0,17.18574675418448,0.0,0.005292378605242437,157.29800386197343,35.0,0.0,0.0,0.0,0.0,0.0,0.0,0.0,0.0,0.0,0.0,0.0,0.0
77,0.005241818935648499,0.03385309077580587,0.0,0.0,0.0,0.0,0.0,0.0,0.0,0.007958295465961178,0.0020486976048485523,0.02920534299944201,0.0,4.210307452284475,17.982399413013578,9.036325471626801,0.0,0.0,0.0,0.0,0.0,0.0,0.0,17.928908480995812,0.0,0.005145328613328427,173.92656938989694,35.0,0.0,0.0,0.0,0.0,0.0,0.0,0.0,0.0,0.0,0.0,0.0,0.0
78,0.0026903313736356144,0.0396718113717149,0.0,0.0,0.0,0.0,0.0,0.0,0.0,0.007886371950796282,0.0018910800850643853,0.03048108572273522,0.0,4.082083802064548,16.806116433400202,8.749155879243592,0.0,0.0,0.0,0.0,0.0,0.0,0.0,17.135574470908427,0.0,0.005227482753748052,187.12037731898283,35.0,0.0,0.0,0.0,0.0,0.0,0.0,0.0,0.0,0.0,0.0,0.0,0.0
79,0.006923746975434645,0.0410984878732275,0.0,0.0,0.0,0.0,0.0,0.0,0.0,0.007872336565792813,0.0018808328710902189,0.03145691742857775,0.0,4.661647673712374,17.52322771569769,10.058972315447445,0.0,0.0,0.0,0.0,0.0,0.0,0.0,17.799059321486475,0.0,0.005233571424126489,173.1136717626962,35.0,0.0,0.0,0.0,0.0,0.0,0.0,0.0,0.0,0.0,0.0,0.0,0.0
80,0.002348379657240448,0.03853428582872639,0.0,0.0,0.0,0.0,0.0,0.0,0.0,0.00794457839506276,0.001946575649063677,0.03142353714128926,0.0,4.0401244008848245,16.940585472584825,8.636257686181215,0.0,0.0,0.0,0.0,0.0,0.0,0.0,17.284755710333755,0.0,0.005236010071285448,185.7729393839464,35.0,0.0,0.0,0.0,0.0,0.0,0.0,0.0,0.0,0.0,0.0,0.0,0.0
81,0.005029825785595302,0.03812317918085962,0.0,0.0,0.0,0.0,0.0,0.0,0.0,0.007916511112389947,0.0018995323731364896,0.03273245298147053,0.0,4.37914456642651,16.856618178229578,9.42708104339133,0.0,0.0,0.0,0.0,0.0,0.0,0.0,17.557621609684038,0.0,0.005261704121901928,187.700567291794,35.0,0.0,0.0,0.0,0.0,0.0,0.0,0.0,0.0,0.0,0.0,0.0,0.0
82,0.001763804383128521,0.030327302571370313,0.0,0.0,0.0,0.0,0.0,0.0,0.0,0.008559994218748593,0.002479064619982323,0.03111769847757905,0.0,3.0839360226356227,17.44604447618102,6.443062743460697,0.0,0.0,0.0,0.0,0.0,0.0,0.0,17.195764622874872,0.0,0.005288099310512989,169.09723955757832,35.0,0.0,0.0,0.0,0.0,0.0,0.0,0.0,0.0,0.0,0.0,0.0,0.0
83,0.0022064413490918647,0.021651753416968855,0.0,0.0,0.0,0.0,0.0,0.0,0.0,0.007897875749398865,0.0018906544027885311,0.030911054157310852,0.0,3.7182170661521083,15.635509701548008,7.831003242100408,0.0,0.0,0.0,0.0,0.0,0.0,0.0,17.740483567178575,0.0,0.005282888089161354,161.45334058943837,35.0,0.0,0.0,0.0,0.0,0.0,0.0,0.0,0.0,0.0,0.0,0.0,0.0
84,0.012047043071392156,0.029258827680670698,0.0,0.0,0.0,0.0,0.0,0.0,0.0,0.008231981008832333,0.0023881684976042603,0.032310525610042266,0.0,3.3164301588350775,18.951453384512657,6.979540358890645,0.0,0.0,0.0,0.0,0.0,0.0,0.0,17.42446468526886,0.0,0.005088230509087927,179.97790509181937,35.0,0.0,0.0,0.0,0.0,0.0,0.0,0.0,0.0,0.0,0.0,0.0,0.0
85,0.003569586947727146,0.04090296928620228,0.0,0.0,0.0,0.0,0.0,0.0,0.0,0.007879197885510093,0.0018627951227538438,0.029686625721886375,0.0,3.8898936642871575,18.21604726446464,8.274268075077293,0.0,0.0,0.0,0.0,0.0,0.0,0.0,17.682653185556024,0.0,0.0052830751615970005,181.64389026948768,35.0,0.0,0.0,0.0,0.0,0.0,0.0,0.0,0.0,0.0,0.0,0.0,0.0
86,0.005267359901245552,0.03961934864314928,0.0,0.0,0.0,0.0,0.0,0.0,0.0,0.007865336871754417,0.001977899164995625,0.028277278386598197,0.0,4.571125222359613,17.545679007094055,9.833546157223065,0.0,0.0,0.0,0.0,0.0,0.0,0.0,18.292465727151896,0.0,0.005161285171579323,176.71632812463017,35.0,0.0,0.0,0.0,0.0,0.0,0.0,0.0,0.0,0.0,0.0,0.0,0.0
87,0.0018708456650317498,0.03547881298420969,0.0,0.0,0.0,0.0,0.0,0.0,0.0,0.007942095442964198,0.001897440990768802,0.03044588786117551,0.0,3.765731820610567,16.142624752378314,8.026594146227305,0.0,0.0,0.0,0.0,0.0,0.0,0.0,16.169062921459417,0.0,0.005306215373393645,197.26239634028045,35.0,0.0,0.0,0.0,0.0,0.0,0.0,0.0,0.0,0.0,0.0,0.0,0.0
88,0.005133258457963604,0.0444286277947771,0.0,0.0,0.0,0.0,0.0,0.0,0.0,0.007900878953612718,0.0018537787099535833,0.03178674832445646,0.0,4.2401226804172945,18.19347112251025,9.070036900195872,0.0,0.0,0.0,0.0,0.0,0.0,0.0,18.338234958695583,0.0,0.0053167841268674685,179.25944946926256,35.0,0.0,0.0,0.0,0.0,0.0,0.0,0.0,0.0,0.0,0.0,0.0,0.0
89,0.0,0.03313414493883613,0.0,0.0,0.0,0.0,0.0,0.0,0.0,0.007974714660254645,0.0019794617328076146,0.029674708825816593,0.0,3.808248240932068,16.3709257804726,8.0518199477743,0.0,0.0,0.0,0.0,0.0,0.0,0.0,17.581361867379798,0.0,0.005271303827361188,165.94956520355035,35.0,0.0,0.0,0.0,0.0,0.0,0.0,0.0,0.0,0.0,0.0,0.0,0.0
90,0.0,0.02842367050756296,0.0,0.0,0.0,0.0,0.0,0.0,0.0,0.007927961546427999,0.0019667443189515937,0.028619862155637447,0.0,3.5775320056907454,17.42728321153824,7.505038833317411,0.0,0.0,0.0,0.0,0.0,0.0,0.0,18.172184550717354,0.0,0.0052532081165217815,165.12758101984178,35.0,0.0,0.0,0.0,0.0,0.0,0.0,0.0,0.0,0.0,0.0,0.0,0.0
91,0.0011439279423203959,0.03580259245147801,0.0,0.0,0.0,0.0,0.0,0.0,0.0,0.008596780939049687,0.002562034841379302,0.026506771170514126,0.0,3.5899759969077145,16.141962428038088,7.67399933596256,0.0,0.0,0.0,0.0,0.0,0.0,0.0,15.900076527177688,0.0,0.005263710923304167,203.0207191609057,35.0,0.0,0.0,0.0,0.0,0.0,0.0,0.0,0.0,0.0,0.0,0.0,0.0
92,0.0021396071670207813,0.03355404607781875,0.0,0.0,0.0,0.0,0.0,0.0,0.0,0.008018502435310824,0.0019068471002205,0.02719914787285656,0.0,2.915997396234338,15.154948643012604,6.113595221037891,0.0,0.0,0.0,0.0,0.0,0.0,0.0,14.898369636991594,0.0,0.00536551304133799,222.71132639027678,35.0,0.0,0.0,0.0,0.0,0.0,0.0,0.0,0.0,0.0,0.0,0.0,0.0
93,0.0014244826736351352,0.032018121739913155,0.0,0.0,0.0,0.0,0.0,0.0,0.0,0.009065900787676386,0.002508338869306521,0.021117501859329074,0.0,2.498631138216932,13.535994373610551,5.26769951025697,0.0,0.0,0.0,0.0,0.0,0.0,0.0,12.871910547940468,0.0,0.005731338751042145,259.706835159584,35.0,0.0,0.0,0.0,0.0,0.0,0.0,0.0,0.0,0.0,0.0,0.0,0.0
94,0.004791438393857021,0.016262041519652333,0.0,0.0,0.0,0.0,0.0,0.0,0.0,0.008393508243386145,0.0015424785035836146,0.013480130182625406,0.0,1.6621727311446355,8.211304737191805,3.479619962260591,0.0,0.0,0.0,0.0,0.0,0.0,0.0,9.110739957164979,0.0,0.006039158431535396,367.96236466660486,35.0,0.0,0.0,0.0,0.0,0.0,0.0,0.0,0.0,0.0,0.0,0.0,0.0
95,0.0010216299517434061,0.03583435455581391,0.0,0.0,0.0,0.0,0.0,0.0,0.0,0.008507818447132104,0.002148103405525427,0.022778281489956125,0.0,3.098755994559141,15.009493061534505,6.550409088253599,0.0,0.0,0.0,0.0,0.0,0.0,0.0,14.752775078905762,0.0,0.005522453544319125,222.2304755253817,35.0,0.0,0.0,0.0,0.0,0.0,0.0,0.0,0.0,0.0,0.0,0.0,0.0
96,0.0030934071988873856,0.02846586477377397,0.0,0.0,0.0,0.0,0.0,0.0,0.0,0.008079281858201292,0.001658510491142323,0.024140573237536905,0.0,3.315698408209131,15.707571900835509,6.948129380409935,0.0,0.0,0.0,0.0,0.0,0.0,0.0,16.102010640150144,0.0,0.005622432449639302,179.00486854688089,35.0,0.0,0.0,0.0,0.0,0.0,0.0,0.0,0.0,0.0,0.0,0.0,0.0
97,0.0008656720655565624,0.023398628742806293,0.0,0.0,0.0,0.0,0.0,0.0,0.0,0.009172202329822,0.002899215779316615,0.027579543888969136,0.0,2.7681989708714796,16.109606443972826,5.734354787393197,0.0,0.0,0.0,0.0,0.0,0.0,0.0,16.28150788887511,0.0,0.005407546320920386,180.6246408466022,35.0,0.0,0.0,0.0,0.0,0.0,0.0,0.0,0.0,0.0,0.0,0.0,0.0
98,0.0,0.03339535285985393,0.0,0.0,0.0,0.0,0.0,0.0,0.0,0.00808500548681624,0.0020978131204054166,0.029133213742156366,0.0,3.791311650890187,15.544089583348287,8.101944919970661,0.0,0.0,0.0,0.0,0.0,0.0,0.0,16.170505266923595,0.0,0.005202938229341865,192.5192103820498,35.0,0.0,0.0,0.0,0.0,0.0,0.0,0.0,0.0,0.0,0.0,0.0,0.0
99,0.0039275644582635,0.04299208108068254,0.0,0.0,0.0,0.0,0.0,0.0,0.0,0.00790906249919452,0.0020161869612112812,0.030174784159754844,0.0,4.347945594940766,17.801374184453927,9.323130746861755,0.0,0.0,0.0,0.0,0.0,0.0,0.0,18.178939878545524,0.0,0.005119075961854979,173.48251955723228,35.0,0.0,0.0,0.0,0.0,0.0,0.0,0.0,0.0,0.0,0.0,0.0,0.0
100,0.0070767793509053855,0.035623036136170856,0.0,0.0,0.0,0.0,0.0,0.0,0.0,0.00786763322975574,0.0016975230121808124,0.03240265200880896,0.0,3.9467276346866984,16.144239538423204,8.437696756351091,0.0,0.0,0.0,0.0,0.0,0.0,0.0,16.844619622188517,0.0,0.005398686794399791,191.33558303403592,35.0,0.0,0.0,0.0,0.0,0.0,0.0,0.0,0.0,0.0,0.0,0.0,0.0
101,0.007958931361009969,0.03458430762949177,0.0,0.0,0.0,0.0,0.0,0.0,0.0,0.007981738876044354,0.0018816938430028334,0.029773098021116,0.0,3.9255891192038015,15.355009664815256,8.400511253789155,0.0,0.0,0.0,0.0,0.0,0.0,0.0,16.50244970726383,0.0,0.00532579483831276,198.96747360315217,35.0,0.0,0.0,0.0,0.0,0.0,0.0,0.0,0.0,0.0,0.0,0.0,0.0
102,0.005824455426881594,0.03784419828150027,0.0,0.0,0.0,0.0,0.0,0.0,0.0,0.007933934370458239,0.001946369486471573,0.029943247512171294,0.0,4.164322850184986,17.24997143710971,8.902852071227015,0.0,0.0,0.0,0.0,0.0,0.0,0.0,17.720166074982462,0.0,0.005220277189872239,184.65541525700414,35.0,0.0,0.0,0.0,0.0,0.0,0.0,0.0,0.0,0.0,0.0,0.0,0.0
103,0.0009980510090554166,0.03520283480616478,0.0,0.0,0.0,0.0,0.0,0.0,0.0,0.007847417893629074,0.0018936920792627084,0.03220310416781252,0.0,3.5364013676880623,18.755404464767153,7.392148946379817,0.0,0.0,0.0,0.0,0.0,0.0,0.0,18.343448083760645,0.0,0.005209307137865375,158.95073119160045,35.0,0.0,0.0,0.0,0.0,0.0,0.0,0.0,0.0,0.0,0.0,0.0,0.0
104,0.0,0.03257246653606776,0.0,0.0,0.0,0.0,0.0,0.0,0.0,0.008046438492915125,0.001891737845445,0.030454665992327698,0.0,2.9935040754633744,18.690178007386123,6.1578138834602045,0.0,0.0,0.0,0.0,0.0,0.0,0.0,18.434800337420615,0.0,0.005412598051533907,152.994298317171,35.0,0.0,0.0,0.0,0.0,0.0,0.0,0.0,0.0,0.0,0.0,0.0,0.0
105,0.0005075397833952084,0.0346271622795856,0.0,0.0,0.0,0.0,0.0,0.0,0.0,0.007987009725935698,0.0019490411354156354,0.02995753010132352,0.0,3.631152640142665,17.043959950916403,7.70479708165779,0.0,0.0,0.0,0.0,0.0,0.0,0.0,16.796289057155917,0.0,0.005294117245059844,186.61941157268708,35.0,0.0,0.0,0.0,0.0,0.0,0.0,0.0,0.0,0.0,0.0,0.0,0.0
106,0.003539536215095552,0.041492125187539176,0.0,0.0,0.0,0.0,0.0,0.0,0.0,0.00789781465981954,0.001955221964967698,0.031539384880674266,0.0,4.096251926020417,18.08162926527672,8.743126699579664,0.0,0.0,0.0,0.0,0.0,0.0,0.0,17.96546366591927,0.0,0.00520198564004751,178.6834900343275,35.0,0.0,0.0,0.0,0.0,0.0,0.0,0.0,0.0,0.0,0.0,0.0,0.0
107,0.013440048030891542,0.0344926070792621,0.0,0.0,0.0,0.0,0.0,0.0,0.0,0.007837974313909573,0.002011506052728385,0.03307054473749455,0.0,4.3024153302270225,17.642978836275187,9.20894698890823,0.0,0.0,0.0,0.0,0.0,0.0,0.0,18.444950585370457,0.0,0.005102172652407657,171.99250227193548,35.0,0.0,0.0,0.0,0.0,0.0,0.0,0.0,0.0,0.0,0.0,0.0,0.0
108,0.0010770926637340104,0.04121929114278451,0.0,0.0,0.0,0.0,0.0,0.0,0.0,0.00787077786093902,0.0019234002097913855,0.03170156535784273,0.0,4.459798174975889,16.73999025499477,9.598206092599991,0.0,0.0,0.0,0.0,0.0,0.0,0.0,17.793557482536823,0.0,0.005218889218057021,183.08083572033752,35.0,0.0,0.0,0.0,0.0,0.0,0.0,0.0,0.0,0.0,0.0,0.0,0.0
109,1.0302083333333335e-06,0.0459181264108035,0.0,0.0,0.0,0.0,0.0,0.0,0.0,0.007895677322488104,0.002216172148298104,0.029324941178759684,0.0,4.9102442976168135,16.577675987622253,10.626971915115359,0.0,0.0,0.0,0.0,0.0,0.0,0.0,18.27358306941778,0.0,0.0049524592258992604,178.17319481305995,35.0,0.0,0.0,0.0,0.0,0.0,0.0,0.0,0.0,0.0,0.0,0.0,0.0
110,0.0008153466705477917,0.034986550840791907,0.0,0.0,0.0,0.0,0.0,0.0,0.0,0.007825086262183376,0.0018487165513594687,0.029510506944685096,0.0,3.850344921626999,17.478896704953403,8.105546988795203,0.0,0.0,0.0,0.0,0.0,0.0,0.0,18.59776730451041,0.0,0.005256335336860385,157.99125910948632,35.0,0.0,0.0,0.0,0.0,0.0,0.0,0.0,0.0,0.0,0.0,0.0,0.0
111,0.0034804291329279063,0.03041504905543928,0.0,0.0,0.0,0.0,0.0,0.0,0.0,0.007854463105596522,0.0019853068481090314,0.029101805966388394,0.0,3.764864739813112,18.262776496462724,7.920350777773599,0.0,0.0,0.0,0.0,0.0,0.0,0.0,19.061325425965183,0.0,0.005169624670564594,147.9273309746446,35.0,0.0,0.0,0.0,0.0,0.0,0.0,0.0,0.0,0.0,0.0,0.0,0.0
112,0.005748429451629375,0.0318792283588108,0.0,0.0,0.0,0.0,0.0,0.0,0.0,0.007950511302091708,0.0020509720132750836,0.026878147459703187,0.0,3.5236584369064556,15.778955332249039,7.4815654816840835,0.0,0.0,0.0,0.0,0.0,0.0,0.0,16.657363082014133,0.0,0.005183036576491812,196.54613044024464,35.0,0.0,0.0,0.0,0.0,0.0,0.0,0.0,0.0,0.0,0.0,0.0,0.0
113,0.006101250797680323,0.036402144375319634,0.0,0.0,0.0,0.0,0.0,0.0,0.0,0.007922475118182885,0.001926986270339104,0.029989012772904864,0.0,4.0065817155439145,16.7078977661473,8.565699480078694,0.0,0.0,0.0,0.0,0.0,0.0,0.0,17.337485011600087,0.0,0.00527127488151248,187.5738847383817,35.0,0.0,0.0,0.0,0.0,0.0,0.0,0.0,0.0,0.0,0.0,0.0,0.0
114,0.0006366550688300833,0.03774415918173645,0.0,0.0,0.0,0.0,0.0,0.0,0.0,0.008953350405169614,0.002815112323962312,0.024742858568393977,0.0,3.1784762441395915,15.223851759301175,6.760463024950913,0.0,0.0,0.0,0.0,0.0,0.0,0.0,15.318618234329506,0.0,0.005328864420757,214.8811833412354,35.0,0.0,0.0,0.0,0.0,0.0,0.0,0.0,0.0,0.0,0.0,0.0,0.0
115,0.002245549479808604,0.044656526090765175,0.0,0.0,0.0,0.0,0.0,0.0,0.0,0.007915819894836843,0.0018971590095281457,0.027827777954612096,0.0,4.2222003280224625,17.88058053145644,9.0250063627142,0.0,0.0,0.0,0.0,0.0,0.0,0.0,18.360653569704606,0.0,0.005295307067018438,178.85852373614873,35.0,0.0,0.0,0.0,0.0,0.0,0.0,0.0,0.0,0.0,0.0,0.0,0.0
116,0.0013506578852835937,0.04280143318728669,0.0,0.0,0.0,0.0,0.0,0.0,0.0,0.007945786749332781,0.0019091902465243123,0.030188270489548596,0.0,4.098316138566095,17.70731952948743,8.760429173315286,0.0,0.0,0.0,0.0,0.0,0.0,0.0,18.11653844290392,0.0,0.0053104320136093544,185.1167787442886,35.0,0.0,0.0,0.0,0.0,0.0,0.0,0.0,0.0,0.0,0.0,0.0,0.0
117,0.0012742060304396666,0.03584762894309126,0.0,0.0,0.0,0.0,0.0,0.0,0.0,0.007911380178006905,0.0018569744944789376,0.028148649583229875,0.0,3.7980429984526953,16.864515947343804,8.054541679765663,0.0,0.0,0.0,0.0,0.0,0.0,0.0,17.479591846633944,0.0,0.005337879131268448,166.36933628591333,35.0,0.0,0.0,0.0,0.0,0.0,0.0,0.0,0.0,0.0,0.0,0.0,0.0
118,0.0010553580558122812,0.030861897858595982,0.0,0.0,0.0,0.0,0.0,0.0,0.0,0.00789249584788053,0.001952229103973073,0.028067943070367436,0.0,3.406078726508023,17.08908282478138,7.128935023934845,0.0,0.0,0.0,0.0,0.0,0.0,0.0,17.764461575116446,0.0,0.005241481007093104,160.75134770625036,35.0,0.0,0.0,0.0,0.0,0.0,0.0,0.0,0.0,0.0,0.0,0.0,0.0
119,0.0026804207563076252,0.033761668791874665,0.0,0.0,0.0,0.0,0.0,0.0,0.0,0.00794700837290324,0.0019993014882231978,0.030371506871274864,0.0,3.845224929428127,16.211887832287562,8.198983150808644,0.0,0.0,0.0,0.0,0.0,0.0,0.0,17.211744290589092,0.0,0.005237262768866729,182.70787178435037,35.0,0.0,0.0,0.0,0.0,0.0,0.0,0.0,0.0,0.0,0.0,0.0,0.0
120,0.0030091444287292917,0.04054641244454155,0.0,0.0,0.0,0.0,0.0,0.0,0.0,0.007926336174937093,0.0017506094237242813,0.03031008137031321,0.0,3.957738319504877,17.373864510857445,8.449590457817282,0.0,0.0,0.0,0.0,0.0,0.0,0.0,17.430818780768906,0.0,0.005451936279793395,186.64761779103912,35.0,0.0,0.0,0.0,0.0,0.0,0.0,0.0,0.0,0.0,0.0,0.0,0.0
121,0.00783707875895127,0.040122986716976373,0.0,0.0,0.0,0.0,0.0,0.0,0.0,0.007922484483806636,0.0020369347492967707,0.028561574587074312,0.0,3.86486871268133,18.043620229060107,8.222518480335408,0.0,0.0,0.0,0.0,0.0,0.0,0.0,17.764952658587323,0.0,0.005171721069635219,179.6411025173899,35.0,0.0,0.0,0.0,0.0,0.0,0.0,0.0,0.0,0.0,0.0,0.0,0.0
122,0.005572046990240292,0.03764729163039307,0.0,0.0,0.0,0.0,0.0,0.0,0.0,0.007894811597023396,0.0018249654329675624,0.031718179790346405,0.0,4.081785699766744,16.748073250606296,8.759533014812027,0.0,0.0,0.0,0.0,0.0,0.0,0.0,17.285474543211897,0.0,0.005357459946544188,192.11374551566678,35.0,0.0,0.0,0.0,0.0,0.0,0.0,0.0,0.0,0.0,0.0,0.0,0.0
123,0.010266232043969854,0.0397601992533247,0.0,0.0,0.0,0.0,0.0,0.0,0.0,0.007844587816829427,0.0021331303762628334,0.030565658795959804,0.0,4.558354953308735,18.45027751880177,9.7845547044723,0.0,0.0,0.0,0.0,0.0,0.0,0.0,19.066796133806267,0.0,0.005012235180896979,172.78620121180018,35.0,0.0,0.0,0.0,0.0,0.0,0.0,0.0,0.0,0.0,0.0,0.0,0.0
124,0.0013254857835243126,0.03319044313132782,0.0,0.0,0.0,0.0,0.0,0.0,0.0,0.007956150763116772,0.0021362331647021148,0.03102304819762794,0.0,3.515084136018968,17.277636756246793,7.409347641440914,0.0,0.0,0.0,0.0,0.0,0.0,0.0,18.18094340161202,0.0,0.005121240839647198,165.8418028228962,35.0,0.0,0.0,0.0,0.0,0.0,0.0,0.0,0.0,0.0,0.0,0.0,0.0
125,0.0012145782282086874,0.024458200776627897,0.0,0.0,0.0,0.0,0.0,0.0,0.0,0.007922029959664947,0.0019733348015745418,0.029620347918390688,0.0,2.9556669795463946,16.146993890879397,6.142537429339561,0.0,0.0,0.0,0.0,0.0,0.0,0.0,16.77759983415586,0.0,0.005263629102291469,170.54945423337483,35.0,0.0,0.0,0.0,0.0,0.0,0.0,0.0,0.0,0.0,0.0,0.0,0.0
126,0.008411645292666104,0.032292414769587545,0.0,0.0,0.0,0.0,0.0,0.0,0.0,0.007844833036041573,0.002054648758946896,0.03129873047079848,0.0,4.0661115208255545,17.033719430511436,8.680529193009287,0.0,0.0,0.0,0.0,0.0,0.0,0.0,18.46213505843704,0.0,0.0051044105002513015,168.6480403240475,35.0,0.0,0.0,0.0,0.0,0.0,0.0,0.0,0.0,0.0,0.0,0.0,0.0
127,0.0023378718431973228,0.04370439819352037,0.0,0.0,0.0,0.0,0.0,0.0,0.0,0.007898018264187614,0.0021690334511053227,0.0296946645867628,0.0,4.095685618058373,18.24266282229737,8.757873337991457,0.0,0.0,0.0,0.0,0.0,0.0,0.0,18.256184329480202,0.0,0.005028367491213292,175.38639666301228,35.0,0.0,0.0,0.0,0.0,0.0,0.0,0.0,0.0,0.0,0.0,0.0,0.0
128,0.0025473513883770105,0.0351025679959445,0.0,0.0,0.0,0.0,0.0,0.0,0.0,0.007898745544826594,0.0019687698255069584,0.030243335296954863,0.0,3.814382494878221,16.591097550078985,8.17296839502543,0.0,0.0,0.0,0.0,0.0,0.0,0.0,16.648443470782087,0.0,0.005227629036503198,196.37145505059277,35.0,0.0,0.0,0.0,0.0,0.0,0.0,0.0,0.0,0.0,0.0,0.0,0.0
129,0.004872587902575188,0.03864567499810215,0.0,0.0,0.0,0.0,0.0,0.0,0.0,0.007863549450780792,0.0019923366574077605,0.030577150706228615,0.0,4.1996676683246,16.958368542122166,8.996154484997954,0.0,0.0,0.0,0.0,0.0,0.0,0.0,18.45348611687685,0.0,0.005179346425533958,177.36246728963172,35.0,0.0,0.0,0.0,0.0,0.0,0.0,0.0,0.0,0.0,0.0,0.0,0.0
130,0.002366497777188146,0.04338481510792996,0.0,0.0,0.0,0.0,0.0,0.0,0.0,0.007873976847650887,0.0020115913544917602,0.029090311794497906,0.0,4.501115354460848,17.792189838418583,9.696282966651127,0.0,0.0,0.0,0.0,0.0,0.0,0.0,18.548789328248574,0.0,0.005164276528378177,183.58905143502452,35.0,0.0,0.0,0.0,0.0,0.0,0.0,0.0,0.0,0.0,0.0,0.0,0.0
131,0.00327256888097375,0.03287223914804323,0.0,0.0,0.0,0.0,0.0,0.0,0.0,0.008108837673743093,0.002150204365531021,0.027114673111074312,0.0,3.5207407676787157,16.748209832560203,7.4223943416920735,0.0,0.0,0.0,0.0,0.0,0.0,0.0,18.059601891245183,0.0,0.005255338276639303,167.5056289814352,35.0,0.0,0.0,0.0,0.0,0.0,0.0,0.0,0.0,0.0,0.0,0.0,0.0
132,0.00049722950307925,0.029441461896315562,0.0,0.0,0.0,0.0,0.0,0.0,0.0,0.008342335933746156,0.0020437375489622605,0.025243331806196086,0.0,3.147740006719072,15.345918674293204,6.624439697589793,0.0,0.0,0.0,0.0,0.0,0.0,0.0,16.65009678090047,0.0,0.005580621357788719,173.8703749601458,35.0,0.0,0.0,0.0,0.0,0.0,0.0,0.0,0.0,0.0,0.0,0.0,0.0
133,0.0019711233231234477,0.031681881658825246,0.0,0.0,0.0,0.0,0.0,0.0,0.0,0.008043764466303395,0.0019133580997662918,0.02854488967702676,0.0,3.625745364594923,15.617719434944355,7.744318070914552,0.0,0.0,0.0,0.0,0.0,0.0,0.0,16.645589625786286,0.0,0.005420178708575938,191.27890142046252,35.0,0.0,0.0,0.0,0.0,0.0,0.0,0.0,0.0,0.0,0.0,0.0,0.0
134,0.0022775401099912706,0.03687384026961775,0.0,0.0,0.0,0.0,0.0,0.0,0.0,0.007990618179245542,0.0018021302640814582,0.026738564545922033,0.0,3.7980987691915353,14.670118268046267,8.137514571181653,0.0,0.0,0.0,0.0,0.0,0.0,0.0,16.517247005620643,0.0,0.005466690148121271,204.48532036929979,35.0,0.0,0.0,0.0,0.0,0.0,0.0,0.0,0.0,0.0,0.0,0.0,0.0
135,0.0031054141054335208,0.03647998784596266,0.0,0.0,0.0,0.0,0.0,0.0,0.0,0.007964043841212824,0.001962268184084156,0.029330860417263304,0.0,3.970414096615676,15.18189684311407,8.506777678954242,0.0,0.0,0.0,0.0,0.0,0.0,0.0,17.328732237225143,0.0,0.005281432764119354,190.9235218280319,35.0,0.0,0.0,0.0,0.0,0.0,0.0,0.0,0.0,0.0,0.0,0.0,0.0
136,0.0003889753020336042,0.048284877431132835,0.0,0.0,0.0,0.0,0.0,0.0,0.0,0.008045465626846843,0.002269506167279375,0.02990553462956677,0.0,4.278653625343398,17.809906717737714,9.21280791736558,0.0,0.0,0.0,0.0,0.0,0.0,0.0,18.271025690109145,0.0,0.005057451520265937,178.6008798671444,35.0,0.0,0.0,0.0,0.0,0.0,0.0,0.0,0.0,0.0,0.0,0.0,0.0
137,0.004998383769717625,0.04434590152756034,0.0,0.0,0.0,0.0,0.0,0.0,0.0,0.007861127034190188,0.0020777964150614794,0.030758899678095114,0.0,4.343279116282246,18.023045215633925,9.321624409301197,0.0,0.0,0.0,0.0,0.0,0.0,0.0,18.38119537214929,0.0,0.0050779615840253435,172.7179488778851,35.0,0.0,0.0,0.0,0.0,0.0,0.0,0.0,0.0,0.0,0.0,0.0,0.0
138,0.0008105038690165208,0.034038911761342,0.0,0.0,0.0,0.0,0.0,0.0,0.0,0.008142803857967302,0.002278101943127844,0.028042822607180176,0.0,3.5568159676693263,16.848145036469894,7.567174121138847,0.0,0.0,0.0,0.0,0.0,0.0,0.0,17.28846277550864,0.0,0.005149987420903282,172.381851272514,35.0,0.0,0.0,0.0,0.0,0.0,0.0,0.0,0.0,0.0,0.0,0.0,0.0
139,0.0015588607557704998,0.032451399001461906,0.0,0.0,0.0,0.0,0.0,0.0,0.0,0.007810824190965927,0.0019828028352603644,0.027746109278309644,0.0,3.9642336126836564,17.663158174090956,8.398900252260953,0.0,0.0,0.0,0.0,0.0,0.0,0.0,19.69949660548872,0.0,0.005151093423832219,143.49140711726122,35.0,0.0,0.0,0.0,0.0,0.0,0.0,0.0,0.0,0.0,0.0,0.0,0.0
140,0.007332781392683885,0.0346770680413272,0.0,0.0,0.0,0.0,0.0,0.0,0.0,0.007859218302687957,0.002229536636176906,0.02939479141367174,0.0,4.425486938655885,16.568812584830276,9.54259693979584,0.0,0.0,0.0,0.0,0.0,0.0,0.0,17.899769792478075,0.0,0.0049371312260506044,179.60904775814984,35.0,0.0,0.0,0.0,0.0,0.0,0.0,0.0,0.0,0.0,0.0,0.0,0.0
141,0.0004467998583004792,0.043324475930870375,0.0,0.0,0.0,0.0,0.0,0.0,0.0,0.007860264512755396,0.002153306345291354,0.029153629181843888,0.0,3.9998887435415362,16.9532647152501,8.57249600774585,0.0,0.0,0.0,0.0,0.0,0.0,0.0,17.823471686851054,0.0,0.0050097305910685105,179.58489682675892,35.0,0.0,0.0,0.0,0.0,0.0,0.0,0.0,0.0,0.0,0.0,0.0,0.0
142,0.005498302218101989,0.034507376902593694,0.0,0.0,0.0,0.0,0.0,0.0,0.0,0.007869746288784844,0.001991088466155052,0.029277656645688096,0.0,3.942644793497196,17.371495054475762,8.438475801922202,0.0,0.0,0.0,0.0,0.0,0.0,0.0,17.59639689957655,0.0,0.005178167299500323,186.40004577448858,35.0,0.0,0.0,0.0,0.0,0.0,0.0,0.0,0.0,0.0,0.0,0.0,0.0
143,0.004761298877634052,0.0442720061944079,0.0,0.0,0.0,0.0,0.0,0.0,0.0,0.007876180740199095,0.002041022593630625,0.029088948430701003,0.0,4.234522667317267,18.243089073412275,9.083069456425983,0.0,0.0,0.0,0.0,0.0,0.0,0.0,18.51038814979092,0.0,0.005141541489023406,171.7407197701302,35.0,0.0,0.0,0.0,0.0,0.0,0.0,0.0,0.0,0.0,0.0,0.0,0.0
144,0.0034914626623034684,0.043765937474860454,0.0,0.0,0.0,0.0,0.0,0.0,0.0,0.007991293772013271,0.0021521766292167187,0.02868643096299651,0.0,4.022637588357912,18.753158512975617,8.619461256727819,0.0,0.0,0.0,0.0,0.0,0.0,0.0,18.381271234862883,0.0,0.00513893404062451,183.56350430342263,35.0,0.0,0.0,0.0,0.0,0.0,0.0,0.0,0.0,0.0,0.0,0.0,0.0
145,0.002465858772499052,0.024095377610103844,0.0,0.0,0.0,0.0,0.0,0.0,0.0,0.008514696168025313,0.0020094241867328853,0.022143549600559007,0.0,2.422979181953447,12.326137197470509,5.086902118608641,0.0,0.0,0.0,0.0,0.0,0.0,0.0,13.354949633190321,0.0,0.005761139913351823,254.3000748338194,35.0,0.0,0.0,0.0,0.0,0.0,0.0,0.0,0.0,0.0,0.0,0.0,0.0
146,0.0,0.018918685509202896,0.0,0.0,0.0,0.0,0.0,0.0,0.0,0.008793456127739479,0.0019056771900431459,0.014202877547187125,0.0,1.2839267430803272,9.136653404078476,2.5631965806282584,0.0,0.0,0.0,0.0,0.0,0.0,0.0,9.863378864184059,0.0,0.006094394676041136,325.10843599096324,35.0,0.0,0.0,0.0,0.0,0.0,0.0,0.0,0.0,0.0,0.0,0.0,0.0
147,0.006630045459083187,0.023425631302435815,0.0,0.0,0.0,0.0,0.0,0.0,0.0,0.008641416476808146,0.0020325094137911563,0.023185197486608456,0.0,2.4954673973717347,12.06243093312868,5.290017746521625,0.0,0.0,0.0,0.0,0.0,0.0,0.0,12.68837216598093,0.0,0.005797762294428021,261.40237521471875,35.0,0.0,0.0,0.0,0.0,0.0,0.0,0.0,0.0,0.0,0.0,0.0,0.0
148,0.0036394806601654996,0.03583390203693982,0.0,0.0,0.0,0.0,0.0,0.0,0.0,0.008098848791833937,0.002050972892030469,0.03020822637182301,0.0,3.682167895125964,13.898536811047258,7.907748225743901,0.0,0.0,0.0,0.0,0.0,0.0,0.0,15.824047753735355,0.0,0.00526883992549124,204.24695719892804,35.0,0.0,0.0,0.0,0.0,0.0,0.0,0.0,0.0,0.0,0.0,0.0,0.0
149,9.616738000125e-06,0.027917874640598302,0.0,0.0,0.0,0.0,0.0,0.0,0.0,0.008485155151165135,0.002007965279031365,0.018987469822514553,0.0,2.417557300007507,11.72794443536741,5.104758750888961,0.0,0.0,0.0,0.0,0.0,0.0,0.0,12.416888959925869,0.0,0.005640855877655636,280.2305494530326,35.0,0.0,0.0,0.0,0.0,0.0,0.0,0.0,0.0,0.0,0.0,0.0,0.0
150,0.0027226477935047397,0.03876169823271176,0.0,0.0,0.0,0.0,0.0,0.0,0.0,0.008007183513190437,0.0017767071022614272,0.026517774578841826,0.0,3.8697545633083856,14.856330427881518,8.308411152771837,0.0,0.0,0.0,0.0,0.0,0.0,0.0,16.099028657421204,0.0,0.005443139773794156,194.79093079905525,35.0,0.0,0.0,0.0,0.0,0.0,0.0,0.0,0.0,0.0,0.0,0.0,0.0
151,0.006577021469531875,0.040778262452846346,0.0,0.0,0.0,0.0,0.0,0.0,0.0,0.007982011858262042,0.0019813433478373436,0.030919834355634394,0.0,3.9596119210113563,17.032018248899337,8.472723751945278,0.0,0.0,0.0,0.0,0.0,0.0,0.0,17.647295123259326,0.0,0.005212524198784812,185.36301594384977,35.0,0.0,0.0,0.0,0.0,0.0,0.0,0.0,0.0,0.0,0.0,0.0,0.0
152,0.0041969984453655,0.027988869835656936,0.0,0.0,0.0,0.0,0.0,0.0,0.0,0.007907842864049103,0.0017870881928760624,0.028332548421010257,0.0,3.2909147680791957,15.690211298568963,6.933290982654607,0.0,0.0,0.0,0.0,0.0,0.0,0.0,17.329068770011414,0.0,0.005350403443392604,172.79128794961585,35.0,0.0,0.0,0.0,0.0,0.0,0.0,0.0,0.0,0.0,0.0,0.0,0.0
153,0.0008156368638284063,0.029727468876334606,0.0,0.0,0.0,0.0,0.0,0.0,0.0,0.007917540383319323,0.0018225341925677812,0.030526847093597667,0.0,3.574466212778736,16.840063431900045,7.558366082470048,0.0,0.0,0.0,0.0,0.0,0.0,0.0,18.391322782381906,0.0,0.005340815205225302,152.7271406248682,35.0,0.0,0.0,0.0,0.0,0.0,0.0,0.0,0.0,0.0,0.0,0.0,0.0
154,0.004453467822600666,0.038036096079153064,0.0,0.0,0.0,0.0,0.0,0.0,0.0,0.007944921011181938,0.001784210072604219,0.030252781809457407,0.0,4.627228150570449,14.578625014096346,10.052990476233656,0.0,0.0,0.0,0.0,0.0,0.0,0.0,17.806789208212013,0.0,0.0053878247540987195,180.79605667753606,35.0,0.0,0.0,0.0,0.0,0.0,0.0,0.0,0.0,0.0,0.0,0.0,0.0
155,0.0019897655726838124,0.04041561084139527,0.0,0.0,0.0,0.0,0.0,0.0,0.0,0.007943882902009593,0.0019242616048508229,0.030145537498692813,0.0,4.016135673015239,16.233204560459992,8.624067862162773,0.0,0.0,0.0,0.0,0.0,0.0,0.0,17.579244820337433,0.0,0.0052355842217333545,181.25438367564865,35.0,0.0,0.0,0.0,0.0,0.0,0.0,0.0,0.0,0.0,0.0,0.0,0.0
156,0.0015048399670651875,0.036455765635607346,0.0,0.0,0.0,0.0,0.0,0.0,0.0,0.008061001381643614,0.0015879637812159064,0.02600258946108833,0.0,2.941154200436902,14.507054544740505,6.248089412561487,0.0,0.0,0.0,0.0,0.0,0.0,0.0,14.732898058772284,0.0,0.005672243945735292,239.91274476025467,35.0,0.0,0.0,0.0,0.0,0.0,0.0,0.0,0.0,0.0,0.0,0.0,0.0
157,0.006477449886846323,0.030291165528696862,0.0,0.0,0.0,0.0,0.0,0.0,0.0,0.008088544370538459,0.0016123812659171353,0.024571966441415728,0.0,3.1947114635225713,12.762614332918503,6.836206898293991,0.0,0.0,0.0,0.0,0.0,0.0,0.0,14.639792644902037,0.0,0.0056754776469423234,232.303224769812,35.0,0.0,0.0,0.0,0.0,0.0,0.0,0.0,0.0,0.0,0.0,0.0,0.0
158,0.003992608792142177,0.03174670641907824,0.0,0.0,0.0,0.0,0.0,0.0,0.0,0.00818405719171777,0.0016233480857718958,0.01974272121684043,0.0,2.432394755976496,13.345743733280939,5.101891167770469,0.0,0.0,0.0,0.0,0.0,0.0,0.0,13.171822815005337,0.0,0.005736499072693635,265.2728398352539,35.0,0.0,0.0,0.0,0.0,0.0,0.0,0.0,0.0,0.0,0.0,0.0,0.0
159,0.00568422922192175,0.03199794888840613,0.0,0.0,0.0,0.0,0.0,0.0,0.0,0.008029106520530823,0.0018470639588148334,0.027058937133351196,0.0,3.6514783363410657,15.686958501968922,7.747465498740438,0.0,0.0,0.0,0.0,0.0,0.0,0.0,17.59606615675957,0.0,0.005389904136682323,163.50529878251027,35.0,0.0,0.0,0.0,0.0,0.0,0.0,0.0,0.0,0.0,0.0,0.0,0.0
160,0.0013380455202203646,0.03741586946708708,0.0,0.0,0.0,0.0,0.0,0.0,0.0,0.008033018361741437,0.0020573179687089897,0.027483433462971562,0.0,3.64582735009122,17.563261242687055,7.729273346487157,0.0,0.0,0.0,0.0,0.0,0.0,0.0,18.3965038262932,0.0,0.005197980310348708,147.3206327619477,35.0,0.0,0.0,0.0,0.0,0.0,0.0,0.0,0.0,0.0,0.0,0.0,0.0
161,0.003964862768247907,0.0415232754714305,0.0,0.0,0.0,0.0,0.0,0.0,0.0,0.007849600160902718,0.0022767593838369897,0.029917219375345656,0.0,4.692202399783568,18.123908707973396,10.151392588406516,0.0,0.0,0.0,0.0,0.0,0.0,0.0,19.157492362485353,0.0,0.00480952811748749,167.4350437843943,35.0,0.0,0.0,0.0,0.0,0.0,0.0,0.0,0.0,0.0,0.0,0.0,0.0
162,0.0057526337116534584,0.041904148169026795,0.0,0.0,0.0,0.0,0.0,0.0,0.0,0.007854973744941625,0.0022629593654709063,0.029369801483703648,0.0,4.814666558149282,15.456727639656657,10.486946445834961,0.0,0.0,0.0,0.0,0.0,0.0,0.0,18.080303586421337,0.0,0.004822405004079479,182.34591694618075,35.0,0.0,0.0,0.0,0.0,0.0,0.0,0.0,0.0,0.0,0.0,0.0,0.0
163,0.00041999345701571874,0.04161066914444458,0.0,0.0,0.0,0.0,0.0,0.0,0.0,0.007893471125270625,0.002155108921158,0.02840156557705331,0.0,4.325676455154162,15.366836260426497,9.35818470388911,0.0,0.0,0.0,0.0,0.0,0.0,0.0,17.368167772836856,0.0,0.004964495712623969,187.81026938825468,35.0,0.0,0.0,0.0,0.0,0.0,0.0,0.0,0.0,0.0,0.0,0.0,0.0
164,0.005103484897722562,0.04074765421114427,0.0,0.0,0.0,0.0,0.0,0.0,0.0,0.00797931076745549,0.002025862871111396,0.03138913636281077,0.0,4.068427796599669,17.267061653923253,8.765304507315367,0.0,0.0,0.0,0.0,0.0,0.0,0.0,17.66746260195163,0.0,0.005172627316949635,180.85479054193502,35.0,0.0,0.0,0.0,0.0,0.0,0.0,0.0,0.0,0.0,0.0,0.0,0.0
165,0.00841052164761151,0.04629782504627002,0.0,0.0,0.0,0.0,0.0,0.0,0.0,0.007834793383410072,0.0020653474923687395,0.030688876835361718,0.0,4.476277929769589,17.858520858743063,9.665931913951708,0.0,0.0,0.0,0.0,0.0,0.0,0.0,18.734934823452686,0.0,0.00501012355293349,172.3145242959363,35.0,0.0,0.0,0.0,0.0,0.0,0.0,0.0,0.0,0.0,0.0,0.0,0.0
166,0.002097543909977875,0.04129058639450451,0.0,0.0,0.0,0.0,0.0,0.0,0.0,0.007849186503733709,0.0018210758426591772,0.031573566464194826,0.0,3.8752956075982437,16.57473261612741,8.273202185006875,0.0,0.0,0.0,0.0,0.0,0.0,0.0,18.292386970725264,0.0,0.005277747908278802,155.24397456347987,35.0,0.0,0.0,0.0,0.0,0.0,0.0,0.0,0.0,0.0,0.0,0.0,0.0
167,0.0014392000671786668,0.0326715254636939,0.0,0.0,0.0,0.0,0.0,0.0,0.0,0.007840280283960459,0.0020068825167290625,0.028545452316267438,0.0,3.6545339081324157,17.756469508198567,7.74921364372936,0.0,0.0,0.0,0.0,0.0,0.0,0.0,18.65545299119731,0.0,0.005102216978548323,152.2644775452462,35.0,0.0,0.0,0.0,0.0,0.0,0.0,0.0,0.0,0.0,0.0,0.0,0.0
168,0.0033463273136788434,0.032981721134337956,0.0,0.0,0.0,0.0,0.0,0.0,0.0,0.007988268695664874,0.0018670342131053227,0.027011595335378946,0.0,3.0165149393474415,15.008783431984293,6.389421169322791,0.0,0.0,0.0,0.0,0.0,0.0,0.0,15.622439803829707,0.0,0.005362647572780574,206.61582527731125,35.0,0.0,0.0,0.0,0.0,0.0,0.0,0.0,0.0,0.0,0.0,0.0,0.0
169,0.004196800102172281,0.03893874695522533,0.0,0.0,0.0,0.0,0.0,0.0,0.0,0.00816544454405301,0.0021622304541462603,0.0255495803945117,0.0,3.614479185629723,14.891609620356286,7.8078335444302835,0.0,0.0,0.0,0.0,0.0,0.0,0.0,15.42081254546902,0.0,0.00522764808665374,207.78124223919357,35.0,0.0,0.0,0.0,0.0,0.0,0.0,0.0,0.0,0.0,0.0,0.0,0.0
170,0.0034446279802265102,0.03175253309733825,0.0,0.0,0.0,0.0,0.0,0.0,0.0,0.010346841491418292,0.0037834835343717606,0.021247398223244406,0.0,2.8949864268634076,13.257883394000972,6.234243889194768,0.0,0.0,0.0,0.0,0.0,0.0,0.0,14.283981626510412,0.0,0.005573823420211219,264.19591924700546,35.0,0.0,0.0,0.0,0.0,0.0,0.0,0.0,0.0,0.0,0.0,0.0,0.0
171,0.006594114393758489,0.03923952334663488,0.0,0.0,0.0,0.0,0.0,0.0,0.0,0.007905711533326792,0.0019530765851535625,0.030423887763494768,0.0,4.4548935469370035,16.37417833223563,9.643944672400707,0.0,0.0,0.0,0.0,0.0,0.0,0.0,18.71772058368502,0.0,0.005184593198489083,174.68951801364778,35.0,0.0,0.0,0.0,0.0,0.0,0.0,0.0,0.0,0.0,0.0,0.0,0.0
172,0.009472054212914532,0.04306735729201383,0.0,0.0,0.0,0.0,0.0,0.0,0.0,0.007864371513631178,0.0019058989547701773,0.03028571159298105,0.0,4.814142459534739,16.427812754339254,10.474744787418613,0.0,0.0,0.0,0.0,0.0,0.0,0.0,18.751742482468458,0.0,0.005189573848540625,179.6928780392801,35.0,0.0,0.0,0.0,0.0,0.0,0.0,0.0,0.0,0.0,0.0,0.0,0.0
173,0.0012603598431225104,0.035242142299126394,0.0,0.0,0.0,0.0,0.0,0.0,0.0,0.007931763140265074,0.0017877749992251876,0.028371603826921363,0.0,3.4857721560442805,15.873900341315311,7.400793989367994,0.0,0.0,0.0,0.0,0.0,0.0,0.0,17.742882585641272,0.0,0.0053759384193239265,164.96982697615536,35.0,0.0,0.0,0.0,0.0,0.0,0.0,0.0,0.0,0.0,0.0,0.0,0.0
174,0.0023227020235954167,0.03362354581009455,0.0,0.0,0.0,0.0,0.0,0.0,0.0,0.007870514578612937,0.0019189724729185937,0.027912578708747512,0.0,4.234664499679597,15.5521974298906,9.083995396098045,0.0,0.0,0.0,0.0,0.0,0.0,0.0,19.533593732396426,0.0,0.005210497143626583,143.52861137759342,35.0,0.0,0.0,0.0,0.0,0.0,0.0,0.0,0.0,0.0,0.0,0.0,0.0
175,0.003726968843609292,0.039953167085183726,0.0,0.0,0.0,0.0,0.0,0.0,0.0,0.007962652375413614,0.0020219981218829895,0.03072679090784926,0.0,4.116801239158151,17.132995726504884,8.884936521187722,0.0,0.0,0.0,0.0,0.0,0.0,0.0,18.45950353177466,0.0,0.005172422579416291,173.2591031019699,35.0,0.0,0.0,0.0,0.0,0.0,0.0,0.0,0.0,0.0,0.0,0.0,0.0
176,0.002632925933993104,0.03921660678014697,0.0,0.0,0.0,0.0,0.0,0.0,0.0,0.007995675151044958,0.001846328462316177,0.0297699720144957,0.0,4.12766386547666,17.40480708512092,8.924708255871158,0.0,0.0,0.0,0.0,0.0,0.0,0.0,18.11742551768799,0.0,0.005375838535122292,179.01269049489386,35.0,0.0,0.0,0.0,0.0,0.0,0.0,0.0,0.0,0.0,0.0,0.0,0.0
177,0.002286079036189427,0.042070564076233045,0.0,0.0,0.0,0.0,0.0,0.0,0.0,0.00795839837490953,0.002112320448180781,0.030864057596791977,0.0,4.168126786861951,15.606607876850854,9.01893049516524,0.0,0.0,0.0,0.0,0.0,0.0,0.0,17.473878210966202,0.0,0.005089269756358281,181.27572526065487,35.0,0.0,0.0,0.0,0.0,0.0,0.0,0.0,0.0,0.0,0.0,0.0,0.0
178,0.007801247640346094,0.039376994455066636,0.0,0.0,0.0,0.0,0.0,0.0,0.0,0.00794520483972252,0.001894517673954427,0.032227588475535626,0.0,4.461658002372816,15.303066187078187,9.712088529381809,0.0,0.0,0.0,0.0,0.0,0.0,0.0,17.595054285306926,0.0,0.00528640203971898,182.91467469780244,35.0,0.0,0.0,0.0,0.0,0.0,0.0,0.0,0.0,0.0,0.0,0.0,0.0
179,0.00527599190291349,0.041735399489300364,0.0,0.0,0.0,0.0,0.0,0.0,0.0,0.007908265001533719,0.002080480223758344,0.031189895721351737,0.0,4.182681218990035,18.22523783921545,9.011683092688566,0.0,0.0,0.0,0.0,0.0,0.0,0.0,19.05914801822294,0.0,0.005075174142238333,175.01959781417568,35.0,0.0,0.0,0.0,0.0,0.0,0.0,0.0,0.0,0.0,0.0,0.0,0.0
180,0.0007197724067977292,0.03969552413710144,0.0,0.0,0.0,0.0,0.0,0.0,0.0,0.007834842238203094,0.001983223119145521,0.028532924099967747,0.0,3.935732979032542,17.964236732051177,8.382946375746894,0.0,0.0,0.0,0.0,0.0,0.0,0.0,19.637993853530734,0.0,0.005127507691015198,144.79262766792698,35.0,0.0,0.0,0.0,0.0,0.0,0.0,0.0,0.0,0.0,0.0,0.0,0.0
181,0.004254731857952646,0.029155425668635302,0.0,0.0,0.0,0.0,0.0,0.0,0.0,0.008371766535248718,0.0024252377873694064,0.028304199896320312,0.0,3.4351666005044303,15.735351545363848,7.332026172934107,0.0,0.0,0.0,0.0,0.0,0.0,0.0,17.939043740127563,0.0,0.005186851731647021,157.56771950017784,35.0,0.0,0.0,0.0,0.0,0.0,0.0,0.0,0.0,0.0,0.0,0.0,0.0
182,0.009147778974016656,0.038059235844160925,0.0,0.0,0.0,0.0,0.0,0.0,0.0,0.007876767931870834,0.002119999827361208,0.030654425416914894,0.0,4.0483794523073025,18.222758612195715,8.727247461395285,0.0,0.0,0.0,0.0,0.0,0.0,0.0,18.660457219672097,0.0,0.005027666791815719,170.96086355569773,35.0,0.0,0.0,0.0,0.0,0.0,0.0,0.0,0.0,0.0,0.0,0.0,0.0
183,0.005608707518387802,0.03814133482786067,0.0,0.0,0.0,0.0,0.0,0.0,0.0,0.007853479944805218,0.002160001200505458,0.03049707687380958,0.0,4.23679391120936,15.96622661748451,9.193749646514478,0.0,0.0,0.0,0.0,0.0,0.0,0.0,17.935873987772382,0.0,0.004967894364339438,178.94972524455076,35.0,0.0,0.0,0.0,0.0,0.0,0.0,0.0,0.0,0.0,0.0,0.0,0.0
184,0.002758803241331167,0.03972926987901775,0.0,0.0,0.0,0.0,0.0,0.0,0.0,0.007997428895240593,0.0019555027806074793,0.029793521819784206,0.0,3.42759242076883,16.115836216536398,7.377825034751507,0.0,0.0,0.0,0.0,0.0,0.0,0.0,16.68769544049651,0.0,0.005300258227552802,191.70444304862238,35.0,0.0,0.0,0.0,0.0,0.0,0.0,0.0,0.0,0.0,0.0,0.0,0.0
185,0.0038987456814233434,0.028300545021726697,0.0,0.0,0.0,0.0,0.0,0.0,0.0,0.008137710922607448,0.0016887283632171562,0.02314234732862872,0.0,2.495060438340075,12.098438383910645,5.310655103328965,0.0,0.0,0.0,0.0,0.0,0.0,0.0,13.149632482729539,0.0,0.005676108483239208,259.00558800645905,35.0,0.0,0.0,0.0,0.0,0.0,0.0,0.0,0.0,0.0,0.0,0.0,0.0
186,0.007143742127003719,0.04028352735577601,0.0,0.0,0.0,0.0,0.0,0.0,0.0,0.007957666923742552,0.0019197136592575418,0.02911894148167898,0.0,4.107219118885356,15.710657450554729,8.895517990326708,0.0,0.0,0.0,0.0,0.0,0.0,0.0,17.82868690127308,0.0,0.005289232153274718,181.22132796965255,35.0,0.0,0.0,0.0,0.0,0.0,0.0,0.0,0.0,0.0,0.0,0.0,0.0
187,0.0009292958122976876,0.03835494755597619,0.0,0.0,0.0,0.0,0.0,0.0,0.0,0.007895097576416906,0.001957800030181885,0.03003607755958546,0.0,3.930213762245782,15.93941646738728,8.436243617169614,0.0,0.0,0.0,0.0,0.0,0.0,0.0,18.870906849864785,0.0,0.0051936674526940315,153.99827599746297,35.0,0.0,0.0,0.0,0.0,0.0,0.0,0.0,0.0,0.0,0.0,0.0,0.0
188,0.0,0.030769120771619043,0.0,0.0,0.0,0.0,0.0,0.0,0.0,0.007967602640654303,0.002176008649564198,0.03026513557617704,0.0,3.570251716043058,16.716240470760226,7.603131414500332,0.0,0.0,0.0,0.0,0.0,0.0,0.0,18.698958744930575,0.0,0.005059650249213844,149.87439512840663,35.0,0.0,0.0,0.0,0.0,0.0,0.0,0.0,0.0,0.0,0.0,0.0,0.0
189,0.008915715941407427,0.03601382359836626,0.0,0.0,0.0,0.0,0.0,0.0,0.0,0.00790108968743677,0.0019513959058588958,0.029484201531364117,0.0,4.02032755860221,15.248287750219442,8.707447965251262,0.0,0.0,0.0,0.0,0.0,0.0,0.0,17.93743610678766,0.0,0.005209673049192489,176.92275248434453,35.0,0.0,0.0,0.0,0.0,0.0,0.0,0.0,0.0,0.0,0.0,0.0,0.0
190,0.0018879362743261562,0.05280449533799633,0.0,0.0,0.0,0.0,0.0,0.0,0.0,0.007858678631473041,0.002069418586052323,0.029106273441384552,0.0,4.667934399009548,17.21343102661634,10.181734677618747,0.0,0.0,0.0,0.0,0.0,0.0,0.0,19.290138742546645,0.0,0.005049596006192542,164.7392067732868,35.0,0.0,0.0,0.0,0.0,0.0,0.0,0.0,0.0,0.0,0.0,0.0,0.0
191,0.004167047289568532,0.0475912527037761,0.0,0.0,0.0,0.0,0.0,0.0,0.0,0.007835925672711542,0.0022833913557286875,0.02799495023766518,0.0,4.9601712245859355,16.97377150004064,10.845149951885409,0.0,0.0,0.0,0.0,0.0,0.0,0.0,19.744809954389755,0.0,0.004820423342363563,162.9482908104182,35.0,0.0,0.0,0.0,0.0,0.0,0.0,0.0,0.0,0.0,0.0,0.0,0.0
192,0.004304935641446677,0.04392560284991386,0.0,0.0,0.0,0.0,0.0,0.0,0.0,0.007824877960017844,0.0020451601791861562,0.030488785166657522,0.0,4.63923129327651,17.06962327900574,10.102624245674741,0.0,0.0,0.0,0.0,0.0,0.0,0.0,19.52616618878295,0.0,0.005047827069232677,167.32486881869178,35.0,0.0,0.0,0.0,0.0,0.0,0.0,0.0,0.0,0.0,0.0,0.0,0.0
193,0.0018714403425136876,0.05410316848775204,0.0,0.0,0.0,0.0,0.0,0.0,0.0,0.007827117417173,0.002143392692311875,0.03254934385102614,0.0,5.07065208711328,17.53127075171309,11.08553488896571,0.0,0.0,0.0,0.0,0.0,0.0,0.0,20.116340681807806,0.0,0.004954745656859396,161.52097572302722,35.0,0.0,0.0,0.0,0.0,0.0,0.0,0.0,0.0,0.0,0.0,0.0,0.0
194,0.002253651489939729,0.04824757252570894,0.0,0.0,0.0,0.0,0.0,0.0,0.0,0.007732305902859281,0.0021469241396287293,0.03172028287789661,0.0,4.995002626249347,18.185289251947165,10.856636848573066,0.0,0.0,0.0,0.0,0.0,0.0,0.0,21.40837929863078,0.0,0.0048783816135353235,137.91714596057625,35.0,0.0,0.0,0.0,0.0,0.0,0.0,0.0,0.0,0.0,0.0,0.0,0.0
195,0.007248958974477824,0.026523130880230228,0.0,0.0,0.0,0.0,0.0,0.0,0.0,0.00782469728854401,0.0020377990939297918,0.02905145274956424,0.0,3.518228262831942,15.783114158473458,7.5175092377715655,0.0,0.0,0.0,0.0,0.0,0.0,0.0,18.58474224210296,0.0,0.005083556175314239,153.0471198682259,35.0,0.0,0.0,0.0,0.0,0.0,0.0,0.0,0.0,0.0,0.0,0.0,0.0
196,0.007846930669932197,0.04391243235523997,0.0,0.0,0.0,0.0,0.0,0.0,0.0,0.007766568489458125,0.0022245619497804165,0.032509382668052554,0.0,4.722731104289775,17.77329626681871,10.294151675629553,0.0,0.0,0.0,0.0,0.0,0.0,0.0,20.48674702000929,0.0,0.004836558733434771,153.47845280377388,35.0,0.0,0.0,0.0,0.0,0.0,0.0,0.0,0.0,0.0,0.0,0.0,0.0
197,0.0001103334030756771,0.041507181880214274,0.0,0.0,0.0,0.0,0.0,0.0,0.0,0.007901515384125916,0.0021709190896851563,0.031080755766583586,0.0,4.108987056393883,16.796091842070123,8.922816734073468,0.0,0.0,0.0,0.0,0.0,0.0,0.0,18.522340110671916,0.0,0.005007915376054583,173.7233348341447,35.0,0.0,0.0,0.0,0.0,0.0,0.0,0.0,0.0,0.0,0.0,0.0,0.0
198,0.00045723520370107295,0.04352905596554212,0.0,0.0,0.0,0.0,0.0,0.0,0.0,0.00808354626906827,0.002275019035676969,0.02881349873280546,0.0,3.840978237143108,16.99374875596575,8.32230016949225,0.0,0.0,0.0,0.0,0.0,0.0,0.0,18.10308374128146,0.0,0.005077285791841219,178.40910329465203,35.0,0.0,0.0,0.0,0.0,0.0,0.0,0.0,0.0,0.0,0.0,0.0,0.0
199,0.006247373236566698,0.04709515165869127,0.0,0.0,0.0,0.0,0.0,0.0,0.0,0.007850339752515355,0.002051445955661479,0.028735780795372114,0.0,4.407197267683972,17.26108137856769,9.596730671612404,0.0,0.0,0.0,0.0,0.0,0.0,0.0,19.37685362351404,0.0,0.005090346973867979,165.4135428284824,35.0,0.0,0.0,0.0,0.0,0.0,0.0,0.0,0.0,0.0,0.0,0.0,0.0
200,0.0015438553964271667,0.05671866779013576,0.0,0.0,0.0,0.0,0.0,0.0,0.0,0.007774124698993635,0.002270841374037396,0.030388831320131843,0.0,5.359864135008532,17.924501205555845,11.772915136486489,0.0,0.0,0.0,0.0,0.0,0.0,0.0,21.076251141011134,0.0,0.004804059294597291,158.06531977120665,35.0,0.0,0.0,0.0,0.0,0.0,0.0,0.0,0.0,0.0,0.0,0.0,0.0
201,0.00010168105324718749,0.04080502405330355,0.0,0.0,0.0,0.0,0.0,0.0,0.0,0.007809574261244719,0.002196921343121333,0.030140996174715353,0.0,4.228916102081334,16.407298641676523,9.140611439573146,0.0,0.0,0.0,0.0,0.0,0.0,0.0,20.08514202624939,0.0,0.004919886634559,148.1341042251524,35.0,0.0,0.0,0.0,0.0,0.0,0.0,0.0,0.0,0.0,0.0,0.0,0.0
202,0.0005008393302431355,0.03459780539732366,0.0,0.0,0.0,0.0,0.0,0.0,0.0,0.007823841916707031,0.0021577405270069273,0.030872637143792184,0.0,3.6792813634715906,16.252900921110566,7.899524651718365,0.0,0.0,0.0,0.0,0.0,0.0,0.0,19.264711654187128,0.0,0.004983309532566417,143.99572316948675,35.0,0.0,0.0,0.0,0.0,0.0,0.0,0.0,0.0,0.0,0.0,0.0,0.0
203,0.0016582281716746564,0.04570903079523785,0.0,0.0,0.0,0.0,0.0,0.0,0.0,0.007820236343079219,0.0020446944008754376,0.03202596863274774,0.0,4.65796198275084,16.37375940938964,10.201658669379485,0.0,0.0,0.0,0.0,0.0,0.0,0.0,19.051338843716422,0.0,0.005076882814269541,166.23635413835032,35.0,0.0,0.0,0.0,0.0,0.0,0.0,0.0,0.0,0.0,0.0,0.0,0.0
204,0.01145715035972124,0.038383027191845824,0.0,0.0,0.0,0.0,0.0,0.0,0.0,0.007907692193435375,0.0019231944910552187,0.03130455715855161,0.0,4.5994503033309195,16.3032893864509,10.061592413906402,0.0,0.0,0.0,0.0,0.0,0.0,0.0,18.815294651114492,0.0,0.005263062723983844,169.95976119527145,35.0,0.0,0.0,0.0,0.0,0.0,0.0,0.0,0.0,0.0,0.0,0.0,0.0
205,0.0051498732499848125,0.045502337095543605,0.0,0.0,0.0,0.0,0.0,0.0,0.0,0.007918145531866833,0.0021446071877181147,0.03078916289088168,0.0,3.9073834227329374,18.496181353897253,8.458031425919662,0.0,0.0,0.0,0.0,0.0,0.0,0.0,19.185097069813366,0.0,0.005061241007430104,170.15194672640942,35.0,0.0,0.0,0.0,0.0,0.0,0.0,0.0,0.0,0.0,0.0,0.0,0.0
206,0.0010234900727281251,0.05355740211976966,0.0,0.0,0.0,0.0,0.0,0.0,0.0,0.007828239516721073,0.002246564755753385,0.03278688506888138,0.0,4.4717833524042385,18.82504320136567,9.735960035508171,0.0,0.0,0.0,0.0,0.0,0.0,0.0,20.005368911715568,0.0,0.004889818610557157,159.44048652072078,35.0,0.0,0.0,0.0,0.0,0.0,0.0,0.0,0.0,0.0,0.0,0.0,0.0
207,0.0031811998459090936,0.04989825977146106,0.0,0.0,0.0,0.0,0.0,0.0,0.0,0.007774502517061031,0.0021841450618274375,0.03276772380423446,0.0,4.60374604009186,18.286456978064958,10.033538399624538,0.0,0.0,0.0,0.0,0.0,0.0,0.0,20.159115851670606,0.0,0.004905995219877146,164.87028661708402,35.0,0.0,0.0,0.0,0.0,0.0,0.0,0.0,0.0,0.0,0.0,0.0,0.0
208,0.004526788108122812,0.043200861305120346,0.0,0.0,0.0,0.0,0.0,0.0,0.0,0.0077505124880956145,0.002318097997703948,0.030499133958256482,0.0,4.307085604886756,17.083418651457276,9.338385638835344,0.0,0.0,0.0,0.0,0.0,0.0,0.0,20.329307982487006,0.0,0.0047629230722200525,141.08743918065844,35.0,0.0,0.0,0.0,0.0,0.0,0.0,0.0,0.0,0.0,0.0,0.0,0.0
209,0.0010103455701837292,0.042312120843545846,0.0,0.0,0.0,0.0,0.0,0.0,0.0,0.008062597364174582,0.0025726509372230835,0.0299225989513022,0.0,3.7317583116724715,17.22701008111545,8.037259320405571,0.0,0.0,0.0,0.0,0.0,0.0,0.0,20.229545046839828,0.0,0.004811342622784458,138.49896971359044,35.0,0.0,0.0,0.0,0.0,0.0,0.0,0.0,0.0,0.0,0.0,0.0,0.0
210,0.0073803148479124475,0.03936436028235402,0.0,0.0,0.0,0.0,0.0,0.0,0.0,0.007818035671640999,0.0019793775787464688,0.030253628697642834,0.0,4.255900408639913,16.34883803072105,9.285428395310001,0.0,0.0,0.0,0.0,0.0,0.0,0.0,18.628226106076436,0.0,0.0051547361951323435,172.91968699440062,35.0,0.0,0.0,0.0,0.0,0.0,0.0,0.0,0.0,0.0,0.0,0.0,0.0
211,0.002630971027019833,0.03459012979695851,0.0,0.0,0.0,0.0,0.0,0.0,0.0,0.008019688474471614,0.0019312995541345627,0.025200470543983115,0.0,3.83678711279901,12.969411412251068,8.393610375185652,0.0,0.0,0.0,0.0,0.0,0.0,0.0,16.46129599839666,0.0,0.005370166197479823,209.4902008865072,35.0,0.0,0.0,0.0,0.0,0.0,0.0,0.0,0.0,0.0,0.0,0.0,0.0
212,0.0034624464018469477,0.02528434885436231,0.0,0.0,0.0,0.0,0.0,0.0,0.0,0.009070157980111312,0.0023014171624070935,0.022879947425011052,0.0,2.4943444749834955,10.808810942167371,5.390584927505408,0.0,0.0,0.0,0.0,0.0,0.0,0.0,13.02888637887603,0.0,0.005941115280726157,273.76243251170524,35.0,0.0,0.0,0.0,0.0,0.0,0.0,0.0,0.0,0.0,0.0,0.0,0.0
213,0.003173289460079073,0.04289602244593671,0.0,0.0,0.0,0.0,0.0,0.0,0.0,0.00799295764040152,0.002053260781381323,0.028527151539466233,0.0,4.2236656222350915,15.03240619368634,9.201482842666913,0.0,0.0,0.0,0.0,0.0,0.0,0.0,18.354507283329653,0.0,0.005206122467641614,171.67468646741008,35.0,0.0,0.0,0.0,0.0,0.0,0.0,0.0,0.0,0.0,0.0,0.0,0.0
214,0.006587356127816688,0.04182694495277944,0.0,0.0,0.0,0.0,0.0,0.0,0.0,0.007924561928023105,0.0020403964020496873,0.03011225108436776,0.0,4.423263281076448,16.67809487463628,9.658861338897195,0.0,0.0,0.0,0.0,0.0,0.0,0.0,18.73212424604128,0.0,0.005147090061536115,176.91571356636032,35.0,0.0,0.0,0.0,0.0,0.0,0.0,0.0,0.0,0.0,0.0,0.0,0.0
215,0.0,0.041270385906991634,0.0,0.0,0.0,0.0,0.0,0.0,0.0,0.008091153996593667,0.0021518492992262397,0.032540692094583705,0.0,3.481926783654161,17.50045589489289,7.46522472863452,0.0,0.0,0.0,0.0,0.0,0.0,0.0,19.319231829879673,0.0,0.005207014243150729,152.01323905536162,35.0,0.0,0.0,0.0,0.0,0.0,0.0,0.0,0.0,0.0,0.0,0.0,0.0
216,0.0007092527048340207,0.036900985228533294,0.0,0.0,0.0,0.0,0.0,0.0,0.0,0.007909977351524438,0.0017660076865672189,0.02885744974092345,0.0,3.730086817686154,15.23622473765009,8.048653840447809,0.0,0.0,0.0,0.0,0.0,0.0,0.0,19.07255397711867,0.0,0.005434241347596896,152.26410662679106,35.0,0.0,0.0,0.0,0.0,0.0,0.0,0.0,0.0,0.0,0.0,0.0,0.0
217,0.0022060824829107603,0.048105908675033206,0.0,0.0,0.0,0.0,0.0,0.0,0.0,0.007932438476606489,0.0020502292419123124,0.028939698529553904,0.0,4.643321831256748,16.47074910144533,10.162100226026205,0.0,0.0,0.0,0.0,0.0,0.0,0.0,19.74617067748731,0.0,0.005158589471388063,164.237670946252,35.0,0.0,0.0,0.0,0.0,0.0,0.0,0.0,0.0,0.0,0.0,0.0,0.0
218,0.006329132945208958,0.04618080564836614,0.0,0.0,0.0,0.0,0.0,0.0,0.0,0.007840464928756197,0.0020100177220757605,0.03132736152717001,0.0,4.482776426717074,17.708502922442417,9.788378480691355,0.0,0.0,0.0,0.0,0.0,0.0,0.0,19.73303330997542,0.0,0.0051137463431529485,160.66531445040582,35.0,0.0,0.0,0.0,0.0,0.0,0.0,0.0,0.0,0.0,0.0,0.0,0.0
219,0.0065284238564991244,0.045481739188400816,0.0,0.0,0.0,0.0,0.0,0.0,0.0,0.007869449257155813,0.0019733510611770937,0.030450206072591367,0.0,4.452061035772666,17.115076674189517,9.73586065072978,0.0,0.0,0.0,0.0,0.0,0.0,0.0,19.165497395474993,0.0,0.005177147786064708,164.20877520169844,35.0,0.0,0.0,0.0,0.0,0.0,0.0,0.0,0.0,0.0,0.0,0.0,0.0
220,0.012532092342272665,0.04139853486833978,0.0,0.0,0.0,0.0,0.0,0.0,0.0,0.007884808417285708,0.0018931675620398125,0.02965919255491994,0.0,4.233625341925973,17.40319273280173,9.231868767134879,0.0,0.0,0.0,0.0,0.0,0.0,0.0,18.794826503006846,0.0,0.0052703952126619685,173.18884145056109,35.0,0.0,0.0,0.0,0.0,0.0,0.0,0.0,0.0,0.0,0.0,0.0,0.0
221,0.005720085249532146,0.05342623706869492,0.0,0.0,0.0,0.0,0.0,0.0,0.0,0.007844645854472334,0.0020351979867657293,0.03291396443915862,0.0,5.1518949167520995,17.293926889639863,11.325263060524202,0.0,0.0,0.0,0.0,0.0,0.0,0.0,20.584844144531264,0.0,0.005101983768005979,157.31119313866148,35.0,0.0,0.0,0.0,0.0,0.0,0.0,0.0,0.0,0.0,0.0,0.0,0.0
222,0.006737909876133729,0.03522673375567447,0.0,0.0,0.0,0.0,0.0,0.0,0.0,0.007862388282059313,0.0021156567645650415,0.03035467786600697,0.0,4.267805499042373,15.630961386826046,9.295211685536426,0.0,0.0,0.0,0.0,0.0,0.0,0.0,19.299281752156016,0.0,0.005044349161670635,152.09739322740182,35.0,0.0,0.0,0.0,0.0,0.0,0.0,0.0,0.0,0.0,0.0,0.0,0.0
223,0.004002308593306469,0.03280958610540994,0.0,0.0,0.0,0.0,0.0,0.0,0.0,0.007912625507806458,0.001953794393422021,0.029306775945345188,0.0,3.2516918842048175,17.337063742762535,6.938718202242483,0.0,0.0,0.0,0.0,0.0,0.0,0.0,19.152564377488407,0.0,0.005263053378347135,146.5366732359991,35.0,0.0,0.0,0.0,0.0,0.0,0.0,0.0,0.0,0.0,0.0,0.0,0.0
224,0.0071049319067978955,0.038725181790279825,0.0,0.0,0.0,0.0,0.0,0.0,0.0,0.007925624604114489,0.0018632956155264478,0.02868137461625218,0.0,4.347643531284476,16.964258939757336,9.490232224451075,0.0,0.0,0.0,0.0,0.0,0.0,0.0,19.964916249405647,0.0,0.005354176122403573,157.60345098071744,35.0,0.0,0.0,0.0,0.0,0.0,0.0,0.0,0.0,0.0,0.0,0.0,0.0
225,0.005141986515175843,0.04055295945611519,0.0,0.0,0.0,0.0,0.0,0.0,0.0,0.00794529802889226,0.0019292066822191563,0.029074586617615594,0.0,4.275891759159159,14.653390485543177,9.384032696966363,0.0,0.0,0.0,0.0,0.0,0.0,0.0,18.353721301041606,0.0,0.005298144840159468,175.6328319874997,35.0,0.0,0.0,0.0,0.0,0.0,0.0,0.0,0.0,0.0,0.0,0.0,0.0
226,0.00717068540933125,0.04415887501789081,0.0,0.0,0.0,0.0,0.0,0.0,0.0,0.00792120052046451,0.0020504702250590417,0.02978413834330423,0.0,4.7581075256126235,15.528611963997415,10.460896002158881,0.0,0.0,0.0,0.0,0.0,0.0,0.0,19.357610853148373,0.0,0.005149270161935229,171.81879808396744,35.0,0.0,0.0,0.0,0.0,0.0,0.0,0.0,0.0,0.0,0.0,0.0,0.0
227,0.003652014395162,0.04617384449380121,0.0,0.0,0.0,0.0,0.0,0.0,0.0,0.007904208499568906,0.0019506129395962916,0.03306510492474357,0.0,4.564565178847422,17.4215345458291,9.980209146143151,0.0,0.0,0.0,0.0,0.0,0.0,0.0,19.893216676133143,0.0,0.0052320292455128444,164.53191536096344,35.0,0.0,0.0,0.0,0.0,0.0,0.0,0.0,0.0,0.0,0.0,0.0,0.0
228,0.006833910093537854,0.046973714087457354,0.0,0.0,0.0,0.0,0.0,0.0,0.0,0.007856673434291792,0.0021992522422901147,0.030740724611970822,0.0,5.12828224529557,17.093894211369353,11.27610042878871,0.0,0.0,0.0,0.0,0.0,0.0,0.0,20.60856273156418,0.0,0.004948791919188614,162.96298957033693,35.0,0.0,0.0,0.0,0.0,0.0,0.0,0.0,0.0,0.0,0.0,0.0,0.0
229,0.005550184594454104,0.03744374457805673,0.0,0.0,0.0,0.0,0.0,0.0,0.0,0.007824488955482375,0.0020413984747501873,0.03136966816280472,0.0,4.322161666132777,16.022846926895294,9.410436196087561,0.0,0.0,0.0,0.0,0.0,0.0,0.0,19.888651733562835,0.0,0.005085740710665656,149.22903573370564,35.0,0.0,0.0,0.0,0.0,0.0,0.0,0.0,0.0,0.0,0.0,0.0,0.0
230,0.0038205298043496564,0.03534742831900598,0.0,0.0,0.0,0.0,0.0,0.0,0.0,0.007790354604146761,0.001915011382753052,0.02966182676573956,0.0,3.742543709617085,16.657596673668262,8.069060215505194,0.0,0.0,0.0,0.0,0.0,0.0,0.0,20.447567472272738,0.0,0.005189451007626792,137.57425164358074,35.0,0.0,0.0,0.0,0.0,0.0,0.0,0.0,0.0,0.0,0.0,0.0,0.0
231,0.009069089820777197,0.0449468462616526,0.0,0.0,0.0,0.0,0.0,0.0,0.0,0.007837921004148438,0.0020832497903089373,0.030235693847226824,0.0,4.922114576131997,16.47186671928035,10.8538293842637,0.0,0.0,0.0,0.0,0.0,0.0,0.0,19.864290449457194,0.0,0.005053226588255843,158.23759497952884,35.0,0.0,0.0,0.0,0.0,0.0,0.0,0.0,0.0,0.0,0.0,0.0,0.0
232,0.014324091045097053,0.04251635869661171,0.0,0.0,0.0,0.0,0.0,0.0,0.0,0.0077911926862632395,0.002182989485976406,0.03151955335911407,0.0,4.4887579419956065,18.63435269779264,9.810013579237687,0.0,0.0,0.0,0.0,0.0,0.0,0.0,20.739519503246427,0.0,0.00490904268612602,157.09813183819293,35.0,0.0,0.0,0.0,0.0,0.0,0.0,0.0,0.0,0.0,0.0,0.0,0.0
233,0.010128811547785126,0.036940413257032095,0.0,0.0,0.0,0.0,0.0,0.0,0.0,0.00783901851404748,0.0020184674004861667,0.027431429183183198,0.0,4.295135234422248,16.21845546117172,9.404316198692209,0.0,0.0,0.0,0.0,0.0,0.0,0.0,19.042152157002935,0.0,0.005117485134567625,185.80154089350006,35.0,0.0,0.0,0.0,0.0,0.0,0.0,0.0,0.0,0.0,0.0,0.0,0.0
234,0.003610633149765521,0.0358903563420087,0.0,0.0,0.0,0.0,0.0,0.0,0.0,0.00810128813874851,0.001754103434860906,0.020433192780951147,0.0,2.9162100591922617,11.371753066299092,6.334417719735829,0.0,0.0,0.0,0.0,0.0,0.0,0.0,14.206914530583402,0.0,0.005605191888214604,245.57732781200457,35.0,0.0,0.0,0.0,0.0,0.0,0.0,0.0,0.0,0.0,0.0,0.0,0.0
235,0.002829202125055146,0.040916952528785314,0.0,0.0,0.0,0.0,0.0,0.0,0.0,0.008039899992922634,0.0017502192693561666,0.024991356961778854,0.0,3.666102907711803,13.423885432599702,7.999716082940362,0.0,0.0,0.0,0.0,0.0,0.0,0.0,16.488837981225895,0.0,0.005541138418262,207.50848729323152,35.0,0.0,0.0,0.0,0.0,0.0,0.0,0.0,0.0,0.0,0.0,0.0,0.0
236,0.0012521370952453437,0.028093622376549762,0.0,0.0,0.0,0.0,0.0,0.0,0.0,0.008761830069383593,0.0023454596538836667,0.02193322760910296,0.0,2.1732018859418374,12.367327912970266,4.587859640755714,0.0,0.0,0.0,0.0,0.0,0.0,0.0,14.743142779989945,0.0,0.005607221481998313,209.40268711428698,35.0,0.0,0.0,0.0,0.0,0.0,0.0,0.0,0.0,0.0,0.0,0.0,0.0
237,0.0016722126981067707,0.03327455117016225,0.0,0.0,0.0,0.0,0.0,0.0,0.0,0.008079496658297105,0.0022465823308571563,0.02865832558512244,0.0,3.461424274446934,17.057911469041937,7.4341357300461794,0.0,0.0,0.0,0.0,0.0,0.0,0.0,19.629711120895987,0.0,0.005100779223668885,138.62486174587133,35.0,0.0,0.0,0.0,0.0,0.0,0.0,0.0,0.0,0.0,0.0,0.0,0.0
238,1.956604978396875e-05,0.047204613030177034,0.0,0.0,0.0,0.0,0.0,0.0,0.0,0.007958969043902062,0.0020535098135002292,0.031269214223267096,0.0,5.012052180770177,15.172464515289228,11.068979498291469,0.0,0.0,0.0,0.0,0.0,0.0,0.0,19.505574719906523,0.0,0.005168201440087979,161.71334352904958,35.0,0.0,0.0,0.0,0.0,0.0,0.0,0.0,0.0,0.0,0.0,0.0,0.0
239,0.0006102971938337188,0.054672822112041775,0.0,0.0,0.0,0.0,0.0,0.0,0.0,0.007916811666114762,0.0022068211094658854,0.031859509153761,0.0,4.820735708194569,19.73602422536572,10.578186096107865,0.0,0.0,0.0,0.0,0.0,0.0,0.0,21.046304746421317,0.0,0.004965498475762677,151.4183737444741,35.0,0.0,0.0,0.0,0.0,0.0,0.0,0.0,0.0,0.0,0.0,0.0,0.0
240,0.003559301401134052,0.04575030640437921,0.0,0.0,0.0,0.0,0.0,0.0,0.0,0.007925723573457751,0.0020773655238293122,0.02960830332418879,0.0,4.389960464114703,15.553997611742119,9.651750128703819,0.0,0.0,0.0,0.0,0.0,0.0,0.0,18.598767197026163,0.0,0.005112707440113604,186.03920546199026,35.0,0.0,0.0,0.0,0.0,0.0,0.0,0.0,0.0,0.0,0.0,0.0,0.0
241,0.009146804124825022,0.03426623788509298,0.0,0.0,0.0,0.0,0.0,0.0,0.0,0.008059643241183844,0.001647542501440302,0.023047713234174177,0.0,3.526940624595525,13.046988290821028,7.704229670581658,0.0,0.0,0.0,0.0,0.0,0.0,0.0,16.128611205262263,0.0,0.005647846382502698,209.53227699937165,35.0,0.0,0.0,0.0,0.0,0.0,0.0,0.0,0.0,0.0,0.0,0.0,0.0
242,0.006968786585418719,0.04148894949569243,0.0,0.0,0.0,0.0,0.0,0.0,0.0,0.008006399567436625,0.001994989561599448,0.024411973930781927,0.0,3.753234989154201,16.10026535985431,8.174087028527323,0.0,0.0,0.0,0.0,0.0,0.0,0.0,17.66395245752581,0.0,0.0052471455284765,190.34369371396008,35.0,0.0,0.0,0.0,0.0,0.0,0.0,0.0,0.0,0.0,0.0,0.0,0.0
243,0.0015615653867817186,0.03601588567065856,0.0,0.0,0.0,0.0,0.0,0.0,0.0,0.007913723923526803,0.001993618611018521,0.02748911781005745,0.0,3.439896702546987,16.36233046045548,7.396299970905023,0.0,0.0,0.0,0.0,0.0,0.0,0.0,18.67503478894172,0.0,0.005185471404147666,150.7611115037384,35.0,0.0,0.0,0.0,0.0,0.0,0.0,0.0,0.0,0.0,0.0,0.0,0.0
244,0.001932723337304271,0.037357377412358894,0.0,0.0,0.0,0.0,0.0,0.0,0.0,0.008025904783224437,0.002130161807328604,0.032353479232984754,0.0,3.5408151325750112,17.013169606850408,7.634528061529395,0.0,0.0,0.0,0.0,0.0,0.0,0.0,20.249352649557284,0.0,0.005170963302314271,137.1251606531337,35.0,0.0,0.0,0.0,0.0,0.0,0.0,0.0,0.0,0.0,0.0,0.0,0.0
245,0.009268417367524666,0.03839807578520838,0.0,0.0,0.0,0.0,0.0,0.0,0.0,0.00788547476750548,0.0019168938537253023,0.03208814112348471,0.0,4.683172521536785,14.817214685688034,10.343957177824912,0.0,0.0,0.0,0.0,0.0,0.0,0.0,18.669169935143714,0.0,0.005231602150215228,166.66873418719015,35.0,0.0,0.0,0.0,0.0,0.0,0.0,0.0,0.0,0.0,0.0,0.0,0.0
246,0.006284017637189406,0.04503961941658371,0.0,0.0,0.0,0.0,0.0,0.0,0.0,0.007876996583055355,0.0022058814055936353,0.031114485084405872,0.0,4.443339462397209,17.003706529999313,9.75626845212683,0.0,0.0,0.0,0.0,0.0,0.0,0.0,19.33519679139198,0.0,0.004930711901765385,166.9133264376887,35.0,0.0,0.0,0.0,0.0,0.0,0.0,0.0,0.0,0.0,0.0,0.0,0.0
247,0.0018196373695628229,0.047533881525722,0.0,0.0,0.0,0.0,0.0,0.0,0.0,0.00788069797422152,0.002263635199791073,0.03196597910593156,0.0,4.422904532015569,15.913465298109273,9.705723829389882,0.0,0.0,0.0,0.0,0.0,0.0,0.0,19.05667152827611,0.0,0.004886661539432032,169.65161776782222,35.0,0.0,0.0,0.0,0.0,0.0,0.0,0.0,0.0,0.0,0.0,0.0,0.0
248,0.004686831783140604,0.04796436994649991,0.0,0.0,0.0,0.0,0.0,0.0,0.0,0.007793287646014907,0.002192812915366281,0.031131678297025928,0.0,5.006995765521602,16.52103167499617,11.029052876325116,0.0,0.0,0.0,0.0,0.0,0.0,0.0,20.295152866708566,0.0,0.004877045983666011,160.6072055780685,35.0,0.0,0.0,0.0,0.0,0.0,0.0,0.0,0.0,0.0,0.0,0.0,0.0
249,0.01766745764902298,0.03794840182877466,0.0,0.0,0.0,0.0,0.0,0.0,0.0,0.007825411590970157,0.001978441569265354,0.02926771775079552,0.0,4.937662650179456,16.119862871939493,10.900109632837856,0.0,0.0,0.0,0.0,0.0,0.0,0.0,19.879365743380465,0.0,0.005115150109551437,164.46190735680815,35.0,0.0,0.0,0.0,0.0,0.0,0.0,0.0,0.0,0.0,0.0,0.0,0.0
250,0.0026121829428489064,0.04510877429521341,0.0,0.0,0.0,0.0,0.0,0.0,0.0,0.007860010539384605,0.0018909823069839793,0.03031870980469055,0.0,4.139018351606427,16.333594941266046,9.015724009819987,0.0,0.0,0.0,0.0,0.0,0.0,0.0,19.985677514433764,0.0,0.0052394837489315,144.54985518346902,35.0,0.0,0.0,0.0,0.0,0.0,0.0,0.0,0.0,0.0,0.0,0.0,0.0
251,3.3713604241052085e-05,0.03961097136607471,0.0,0.0,0.0,0.0,0.0,0.0,0.0,0.007900182654972032,0.002025902837118271,0.02916636275639477,0.0,3.7300580176971114,15.1575416939636,8.090593867584877,0.0,0.0,0.0,0.0,0.0,0.0,0.0,19.519170181378367,0.0,0.005157761738912021,159.80072140562592,35.0,0.0,0.0,0.0,0.0,0.0,0.0,0.0,0.0,0.0,0.0,0.0,0.0
252,0.00541228266948874,0.025919655510710387,0.0,0.0,0.0,0.0,0.0,0.0,0.0,0.008181417238739282,0.0016803495751584272,0.0223238930079193,0.0,2.5209593468131914,10.156453544953417,5.480544871776112,0.0,0.0,0.0,0.0,0.0,0.0,0.0,13.264468241973224,0.0,0.005718319818098574,255.68691000675074,35.0,0.0,0.0,0.0,0.0,0.0,0.0,0.0,0.0,0.0,0.0,0.0,0.0
253,0.002321467565328052,0.048063664544830936,0.0,0.0,0.0,0.0,0.0,0.0,0.0,0.007998073491648687,0.0021026484357755415,0.029847631294497565,0.0,3.847348057819755,17.041834832053382,8.38159728539485,0.0,0.0,0.0,0.0,0.0,0.0,0.0,19.295603492683508,0.0,0.005128513075894135,165.18405509866025,35.0,0.0,0.0,0.0,0.0,0.0,0.0,0.0,0.0,0.0,0.0,0.0,0.0
254,0.0023946257746587187,0.0430832452364559,0.0,0.0,0.0,0.0,0.0,0.0,0.0,0.007918611522714563,0.00228761698975401,0.031270141101762815,0.0,4.340884047465104,16.951772962559733,9.529585307714862,0.0,0.0,0.0,0.0,0.0,0.0,0.0,19.67953025533889,0.0,0.004882887813040364,167.46931719052543,35.0,0.0,0.0,0.0,0.0,0.0,0.0,0.0,0.0,0.0,0.0,0.0,0.0
255,0.005640638143681489,0.04488108700997929,0.0,0.0,0.0,0.0,0.0,0.0,0.0,0.00789317761424901,0.002036371118953927,0.030570024506194657,0.0,3.740382972871643,15.68137246275249,8.177224294473815,0.0,0.0,0.0,0.0,0.0,0.0,0.0,17.824464023866785,0.0,0.005108546639076135,184.6370420384981,35.0,0.0,0.0,0.0,0.0,0.0,0.0,0.0,0.0,0.0,0.0,0.0,0.0
256,0.006503036714184032,0.042123324783417494,0.0,0.0,0.0,0.0,0.0,0.0,0.0,0.007963962408160167,0.0020408268633977395,0.02668395814270676,0.0,4.214624482408346,15.997888176248255,9.243678222487949,0.0,0.0,0.0,0.0,0.0,0.0,0.0,18.319834813178247,0.0,0.005168495328636229,175.0209310355156,35.0,0.0,0.0,0.0,0.0,0.0,0.0,0.0,0.0,0.0,0.0,0.0,0.0
257,0.007396734305365208,0.04494977714175045,0.0,0.0,0.0,0.0,0.0,0.0,0.0,0.007802839173439001,0.0020485278594162292,0.02877086227837553,0.0,4.243389658098627,18.25513473804328,9.235888998991195,0.0,0.0,0.0,0.0,0.0,0.0,0.0,20.528201052466304,0.0,0.00502817351394674,135.627555003271,35.0,0.0,0.0,0.0,0.0,0.0,0.0,0.0,0.0,0.0,0.0,0.0,0.0
258,0.00023477349994607293,0.04233613835099536,0.0,0.0,0.0,0.0,0.0,0.0,0.0,0.007860686452948917,0.0019742660315427707,0.031548662346238536,0.0,4.016709211107119,16.275261152878763,8.725198021645276,0.0,0.0,0.0,0.0,0.0,0.0,0.0,20.61197373545208,0.0,0.005166276935508406,134.21389518193652,35.0,0.0,0.0,0.0,0.0,0.0,0.0,0.0,0.0,0.0,0.0,0.0,0.0
259,0.007943861566172208,0.04431484243742002,0.0,0.0,0.0,0.0,0.0,0.0,0.0,0.007886602147502845,0.0020919938699512706,0.03148129074547052,0.0,4.724470363289898,15.545641611442697,10.432838169374916,0.0,0.0,0.0,0.0,0.0,0.0,0.0,19.58173514978694,0.0,0.005059510935789521,161.0849407433695,35.0,0.0,0.0,0.0,0.0,0.0,0.0,0.0,0.0,0.0,0.0,0.0,0.0
260,0.004434066583917302,0.04753781591357414,0.0,0.0,0.0,0.0,0.0,0.0,0.0,0.007837661687705772,0.001979241178148156,0.031967626614071855,0.0,4.612715064911717,16.367743203192095,10.15873244352388,0.0,0.0,0.0,0.0,0.0,0.0,0.0,19.96487961364049,0.0,0.005116608010421781,160.46150955926439,35.0,0.0,0.0,0.0,0.0,0.0,0.0,0.0,0.0,0.0,0.0,0.0,0.0
261,0.007739107353675458,0.044320123573744236,0.0,0.0,0.0,0.0,0.0,0.0,0.0,0.007863921530429896,0.002191267632613052,0.031258258517562115,0.0,4.6776634802393,15.975779717623313,10.323735314710401,0.0,0.0,0.0,0.0,0.0,0.0,0.0,18.921880770844265,0.0,0.004937595942907198,167.66676824005444,35.0,0.0,0.0,0.0,0.0,0.0,0.0,0.0,0.0,0.0,0.0,0.0,0.0
262,3.258112962063542e-05,0.0421832681990791,0.0,0.0,0.0,0.0,0.0,0.0,0.0,0.008518786692072615,0.0024688616248889792,0.029713407912181383,0.0,3.6317284781662678,14.431139646195033,7.962137441463743,0.0,0.0,0.0,0.0,0.0,0.0,0.0,16.78955905210289,0.0,0.005256563742371094,208.6940831018718,35.0,0.0,0.0,0.0,0.0,0.0,0.0,0.0,0.0,0.0,0.0,0.0,0.0
263,0.005186991461906698,0.021791214729147426,0.0,0.0,0.0,0.0,0.0,0.0,0.0,0.008230620465842718,0.0014676171441714272,0.015457854468620427,0.0,2.0039922425095655,8.185747036903226,4.323062088437523,0.0,0.0,0.0,0.0,0.0,0.0,0.0,10.668387396366887,0.0,0.005945424445809166,331.0955219452624,35.0,0.0,0.0,0.0,0.0,0.0,0.0,0.0,0.0,0.0,0.0,0.0,0.0
264,0.0015089734891798124,0.03347162382225783,0.0,0.0,0.0,0.0,0.0,0.0,0.0,0.00849635469323751,0.002183728141336375,0.022488102181859898,0.0,2.5323627187238484,12.353172277591396,5.431769469214402,0.0,0.0,0.0,0.0,0.0,0.0,0.0,15.18325461852472,0.0,0.005478369668676927,189.82243622170697,35.0,0.0,0.0,0.0,0.0,0.0,0.0,0.0,0.0,0.0,0.0,0.0,0.0
265,0.0013215722164105,0.035117929599788204,0.0,0.0,0.0,0.0,0.0,0.0,0.0,0.00818122022680349,0.00234189063134525,0.028659088700803446,0.0,3.4725967089847196,16.9842076130443,7.528009000262181,0.0,0.0,0.0,0.0,0.0,0.0,0.0,18.906530614531057,0.0,0.005047517379322386,141.00651809837981,35.0,0.0,0.0,0.0,0.0,0.0,0.0,0.0,0.0,0.0,0.0,0.0,0.0
266,0.007852039770289249,0.038964527983659326,0.0,0.0,0.0,0.0,0.0,0.0,0.0,0.007923610102925823,0.0022557212835465105,0.02510887381613421,0.0,4.421887812340482,15.797976666213543,9.73326246493694,0.0,0.0,0.0,0.0,0.0,0.0,0.0,18.912846705164785,0.0,0.004890709726741917,160.28616206023023,35.0,0.0,0.0,0.0,0.0,0.0,0.0,0.0,0.0,0.0,0.0,0.0,0.0
267,0.005537778279581021,0.046913674876244336,0.0,0.0,0.0,0.0,0.0,0.0,0.0,0.007869415048867791,0.0021239542789010728,0.03047441281028424,0.0,4.435463656876433,16.694659671576797,9.763195307441155,0.0,0.0,0.0,0.0,0.0,0.0,0.0,18.815773310918,0.0,0.004967052225120292,170.0415279637189,35.0,0.0,0.0,0.0,0.0,0.0,0.0,0.0,0.0,0.0,0.0,0.0,0.0
268,0.0018301115496640625,0.04735417023680997,0.0,0.0,0.0,0.0,0.0,0.0,0.0,0.007882593029196468,0.0020173056078424583,0.03141969917243578,0.0,4.894919304524102,15.055983682174434,10.816017108440187,0.0,0.0,0.0,0.0,0.0,0.0,0.0,19.177215197732014,0.0,0.005088011903502521,164.96205254178136,35.0,0.0,0.0,0.0,0.0,0.0,0.0,0.0,0.0,0.0,0.0,0.0,0.0
269,0.0113649695771345,0.046583568324807305,0.0,0.0,0.0,0.0,0.0,0.0,0.0,0.007821990025083438,0.002197200765715802,0.032142371727859165,0.0,5.240098572293184,16.836048959013052,11.579927446762023,0.0,0.0,0.0,0.0,0.0,0.0,0.0,20.63637351634988,0.0,0.004855546377040969,152.6563857753493,35.0,0.0,0.0,0.0,0.0,0.0,0.0,0.0,0.0,0.0,0.0,0.0,0.0
270,0.00298283483377899,0.055115244540484304,0.0,0.0,0.0,0.0,0.0,0.0,0.0,0.00786445705844224,0.002129355895938531,0.03137544279830342,0.0,5.143591299496084,14.811321196444226,11.396561416095523,0.0,0.0,0.0,0.0,0.0,0.0,0.0,18.97295891913014,0.0,0.004960023126580156,167.42381356071476,35.0,0.0,0.0,0.0,0.0,0.0,0.0,0.0,0.0,0.0,0.0,0.0,0.0
271,0.0010059871959735521,0.0441652978970724,0.0,0.0,0.0,0.0,0.0,0.0,0.0,0.007790667935976167,0.0020039127752032398,0.032638074999327325,0.0,3.7092161157541645,17.200909590542164,8.01390663084329,0.0,0.0,0.0,0.0,0.0,0.0,0.0,20.033121198592294,0.0,0.005034019141554594,135.26759625947082,35.0,0.0,0.0,0.0,0.0,0.0,0.0,0.0,0.0,0.0,0.0,0.0,0.0
272,0.0038138443390704686,0.03553608294438125,0.0,0.0,0.0,0.0,0.0,0.0,0.0,0.007759515098627354,0.0019871478829216875,0.029416765978884405,0.0,3.729056678670433,16.168173787209266,8.058956281352827,0.0,0.0,0.0,0.0,0.0,0.0,0.0,20.778505028660007,0.0,0.0050492037967491245,114.36827613158981,35.0,0.0,0.0,0.0,0.0,0.0,0.0,0.0,0.0,0.0,0.0,0.0,0.0
273,0.0033127788790464478,0.036753207472258485,0.0,0.0,0.0,0.0,0.0,0.0,0.0,0.007788173605831803,0.0020018338241110625,0.030374706699411846,0.0,3.557680835559751,15.841730235770077,7.729396905016063,0.0,0.0,0.0,0.0,0.0,0.0,0.0,19.58898480797041,0.0,0.0050552275104985625,133.41007724932962,35.0,0.0,0.0,0.0,0.0,0.0,0.0,0.0,0.0,0.0,0.0,0.0,0.0
274,0.0,0.03734628768530169,0.0,0.0,0.0,0.0,0.0,0.0,0.0,0.00783926670348073,0.001969188182572198,0.030820239651168563,0.0,4.2949684185711785,14.469324400143075,9.415464970067754,0.0,0.0,0.0,0.0,0.0,0.0,0.0,20.638863957979954,0.0,0.0051321342225527705,126.71220735543703,35.0,0.0,0.0,0.0,0.0,0.0,0.0,0.0,0.0,0.0,0.0,0.0,0.0
275,0.0016797431763814895,0.01857516016668873,0.0,0.0,0.0,0.0,0.0,0.0,0.0,0.008904072425433698,0.001893386582962573,0.015487877237487855,0.0,1.413160252685594,7.203345611072752,3.015132798529843,0.0,0.0,0.0,0.0,0.0,0.0,0.0,10.620160142273175,0.0,0.006135332280145229,291.30879494823483,35.0,0.0,0.0,0.0,0.0,0.0,0.0,0.0,0.0,0.0,0.0,0.0,0.0
276,0.0,0.03999014004391204,0.0,0.0,0.0,0.0,0.0,0.0,0.0,0.008659728938103302,0.0025536202162021668,0.023517586996533685,0.0,2.844072062464002,15.40638696701233,6.124597754047259,0.0,0.0,0.0,0.0,0.0,0.0,0.0,18.60910728882847,0.0,0.005259147294656531,126.51828579644318,35.0,0.0,0.0,0.0,0.0,0.0,0.0,0.0,0.0,0.0,0.0,0.0,0.0
277,0.0008971041587822709,0.03495705086647712,0.0,0.0,0.0,0.0,0.0,0.0,0.0,0.007971644167918375,0.0019016137862530418,0.02783005862561005,0.0,3.25393700938823,16.31871155133798,7.047714834877645,0.0,0.0,0.0,0.0,0.0,0.0,0.0,19.24300602992364,0.0,0.005285149292933094,132.14223023890895,35.0,0.0,0.0,0.0,0.0,0.0,0.0,0.0,0.0,0.0,0.0,0.0,0.0
278,0.0,0.031906127988620546,0.0,0.0,0.0,0.0,0.0,0.0,0.0,0.008011483258091876,0.001980752207621979,0.027683548218585124,0.0,3.4362811482352353,14.451488432861032,7.470072313267933,0.0,0.0,0.0,0.0,0.0,0.0,0.0,19.172432403475742,0.0,0.005250443114273063,117.99165474893937,35.0,0.0,0.0,0.0,0.0,0.0,0.0,0.0,0.0,0.0,0.0,0.0,0.0
279,0.0,0.03584446157029552,0.0,0.0,0.0,0.0,0.0,0.0,0.0,0.007976755660829738,0.0020226822064612813,0.028984087195423638,0.0,3.6742815794938544,16.522977167145516,8.004632098687521,0.0,0.0,0.0,0.0,0.0,0.0,0.0,20.560210961017432,0.0,0.005180727643528448,109.14735234363305,35.0,0.0,0.0,0.0,0.0,0.0,0.0,0.0,0.0,0.0,0.0,0.0,0.0
280,0.0,0.020756489016078,0.0,0.0,0.0,0.0,0.0,0.0,0.0,0.007908823334223,0.001685139588825,0.030425905726816,0.0,4.1352746789648,10.4101543839743,9.22149610694965,0.0,0.0,0.0,0.0,0.0,0.0,0.0,15.628485795647,0.0,0.005442585233611,146.91319805045,35.0,0.0,0.0,0.0,0.0,0.0,0.0,0.0,0.0,0.0,0.0,0.0,0.0
