state,BSM2,model,abs_err,pyadm1_abs_err,PASS
S_su,0.01195482971696,0.0119548297188631,1.903099206002068e-12,-4.659999816580829e-12,True
S_aa,0.00531474017163,0.0053147401690922,-2.537799831392462e-12,-3.440000020948908e-12,True
S_fa,0.0986214009308,0.0986214021209151,1.190115089810817e-09,9.482299945240413e-10,True
S_va,0.01162500646386,0.0116250065115261,4.766610023354545e-11,4.175999997191315e-11,True
S_bu,0.01325072966627,0.0132507297208133,5.454330043175304e-11,4.6500000031035604e-11,True
S_pro,0.01578366628454,0.0157836659558642,-3.2867580185280687e-10,-3.120700017844591e-10,True
S_ac,0.19762971693755,0.1976296675073442,-4.943020578962454e-08,1.959753420016641e-06,True
S_h2,2.359451e-07,2.3594505674914567e-07,-4.325085433667685e-14,-4.000000001275085e-14,True
S_ch4,0.05508877644596,0.055088776446087,1.27002575123214e-13,2.7320735000030405e-07,True
S_IC,0.15267787062633,0.1526778605782597,-1.0048070320234359e-08,-3.9492797002105284e-07,True
S_IN,0.13022981580368,0.1302298043430109,-1.1460669108176447e-08,-1.0630120006460686e-08,True
S_I,0.32869766372153,0.328697735096232,7.137470203755214e-08,6.414507003338343e-08,True
X_xc,0.30869766372153,0.3086976637844532,6.292316667710907e-11,-5.278630033078713e-09,True
X_ch,0.02794724043504,0.0279472404356703,6.30301366655317e-13,-5.4839997126743256e-11,True
X_pr,0.10257410610668,0.1025741061073121,6.321054790703329e-13,-5.4839993657296304e-11,True
X_li,0.02948304970729,0.0294830497082319,9.41899336304175e-13,-8.226000089428531e-11,True
X_su,0.42016598245457,0.4201659824274884,-2.708155921737898e-11,-7.079200003978769e-10,True
X_aa,1.1791717989237,1.1791717995650286,6.413285458251039e-10,8.582001775891968e-11,True
X_fa,0.24303534471944,0.2430353423155103,-2.403929694194673e-09,-2.7596999963019897e-09,True
X_c4,0.43192110563598,0.4319211039112706,-1.7247094308281419e-09,-1.817640038481727e-09,True
X_pro,0.13730590893395,0.1373059113335112,2.399561188637378e-09,2.11824000007077e-09,True
X_ac,0.76056265831322,0.7605626581909546,-1.2226542001059215e-10,-5.270985004024453e-08,True
X_h2,0.31702295336127,0.3170229561200011,2.7587310769128237e-09,2.215210015421576e-09,True
X_I,25.617395327443,25.61739452561293,-8.018300690082469e-07,-7.797085004312976e-07,True
S_cation,0.04,0.04,0.0,0.0,True
S_anion,0.02,0.02,0.0,0.0,True
S_H_ion,3.42344e-08,3.4234363734771655e-08,-3.6265228347902736e-14,-8.900000000057737e-13,True
S_va_ion,0.0115962470726,0.011596247118810373,4.621037406893347e-11,7.539400007083863e-10,True
S_bu_ion,0.0132208262485,0.013220826299899435,5.139943505538813e-11,7.872600002456487e-10,True
S_pro_ion,0.0157427831916,0.0157427828596752,-3.3192480014543335e-10,7.012200022027404e-10,True
S_ac_ion,0.1972411554365,0.1972411060698816,-4.936661840426737e-08,1.9655297300025243e-06,True
S_hco3_ion,0.1427774793921,0.1427774693442498,-1.0047850190764152e-08,-1.3942876000982984e-07,True
S_co2,0.0099003912343,0.0099003912340099,-2.9009954161107743e-13,-2.5549927999864164e-07,True
S_nh3,0.0040909284584,0.004090927819675,-6.387249999739719e-10,9.80571899997229e-08,True
S_nh4_ion,0.1261388873452,0.1261388765233358,-1.0821864210308618e-08,-1.0868722000179076e-07,True
S_gas_h2,1.02410356e-05,1.0241035503770966e-05,-9.622903297497928e-14,7.13200000003678e-11,True
S_gas_ch4,1.62560720998142,1.6256072099772765,-4.143574372506009e-12,1.9440418089988754e-05,True
S_gas_co2,0.0141505346784,0.0141505346785603,1.6029885752111284e-13,1.859940739999677e-06,True
