time,S_su,S_aa,S_fa,S_va,S_bu,S_pro,S_ac,S_h2,S_ch4,S_IC,S_IN,S_I,X_xc,X_ch,X_pr,X_li,X_su,X_aa,X_fa,X_c4,X_pro,X_ac,X_h2,X_I,S_cation,S_anion,Q,T
0.0,0.0,0.0,0.0,0,0,0.0,0.0,0,0,0.0,0.0,0,0,0.0,0.0,0.0,0,0,0,0,0,0,0,0.0,0.0,0.0,0.0,39.0
1.0,0.0,0.0,0.0,0,0,0.0,0.0,0,0,0.0,0.0,0,0,0.0,0.0,0.0,0,0,0,0,0,0,0,0.0,0.0,0.0,0.0,39.309375
2.0,0.0,0.0,0.0,0,0,0.0,0.0,0,0,0.0,0.0,0,0,0.0,0.0,0.0,0,0,0,0,0,0,0,0.0,0.0,0.0,0.0,39.3333333333333
3.0,0.0,0.0,0.0,0,0,0.0,0.0,0,0,0.0,0.0,0,0,0.0,0.0,0.0,0,0,0,0,0,0,0,0.0,0.0,0.0,0.0,39.3333333333333
4.0,0.0,0.0,0.0,0,0,0.0,0.0,0,0,0.0,0.0,0,0,0.0,0.0,0.0,0,0,0,0,0,0,0,0.0,0.0,0.0,0.0,39.3333333333333
5.0,46.4823302303571,8.21725649938547,5.38390704729151,0,0,8.5593127848948,13.2215663922236,0,0,0.02,0.02,0,0,134.471581533687,23.7397216404992,15.567462708408,0,0,0,0,0,0,0,64.4802616757771,0.0324355109658496,0.02,8.65e-05,39.27321937
6.0,46.4575105091062,8.21616824680893,5.38184198951536,0,0,8.56053683900089,13.2237330019224,0,0,0.02,0.02,0,0,134.398766578307,23.7364190506172,15.5613773597196,0,0,0,0,0,0,0,64.4687166244925,0.0324542302235547,0.02,8.9339e-05,39.27578947
7.0,46.7312627551561,8.2281712658633,5.40461880472328,0,0,8.54703597984779,13.1998361069746,0,0,0.02,0.02,0,0,135.201888312826,23.7728453822771,15.6284964806245,0,0,0,0,0,0,0,64.5960542238143,0.0322477638096349,0.02,8.5738e-05,39.40526316
8.0,44.9507255996875,7.88497624297709,5.19140804239345,0,0,8.1692421384765,12.6138817689737,0,0,0.02,0.02,0,0,130.059586491619,22.7827187765064,15.0129862697705,0,0,0,0,0,0,0,61.9289216997787,0.0306981947613384,0.02,8.7839e-05,39.27395833
9.0,44.8535840670613,7.88027296616974,5.18321668367932,0,0,8.17325323626931,12.6211200994076,0,0,0.02,0.02,0,0,129.774733375935,22.768531497933,14.9888692359906,0,0,0,0,0,0,0,61.8806562476978,0.0307666217058863,0.02,8.6442e-05,39.28350515
10.0,0.0,0.0,0.0,0,0,0.0,0.0,0,0,0.0,0.0,0,0,0.0,0.0,0.0,0,0,0,0,0,0,0,0.0,0.0,0.0,0.0,39.3333333333333
11.0,0.0,0.0,0.0,0,0,0.0,0.0,0,0,0.0,0.0,0,0,0.0,0.0,0.0,0,0,0,0,0,0,0,0.0,0.0,0.0,0.0,39.3333333333333
12.0,0.0,0.0,0.0,0,0,0.0,0.0,0,0,0.0,0.0,0,0,0.0,0.0,0.0,0,0,0,0,0,0,0,0.0,0.0,0.0,0.0,39.28280702
13.0,45.9209597858946,8.13347784627206,5.32267977697078,0,0,8.48309487679283,13.1051251386182,0,0,0.02,0.02,0,0,132.842813994172,23.4969411044606,15.3898897356548,0,0,0,0,0,0,0,63.8087713899127,0.0322128206036095,0.02,8.5362e-05,39.37052632
14.0,46.0747737678119,8.13961621018584,5.33532877827636,0,0,8.47444520476746,13.0900040649923,0,0,0.02,0.02,0,0,133.294252269711,23.5156870151295,15.4271932449354,0,0,0,0,0,0,0,63.8761170668919,0.032090194630618,0.02,8.5204e-05,39.48541667
15.0,44.5105383445771,7.86075558400805,5.15357598444951,0,0,8.18231068007477,12.6385491134747,0,0,0.02,0.02,0,0,128.769695164327,22.7101684518652,14.9017393161155,0,0,0,0,0,0,0,61.6900401610131,0.0309758506565788,0.02,8.5282e-05,39.36494845
16.0,44.7499374208992,7.87110770116231,5.17345903934852,0,0,8.17025002530655,12.6172465664054,0,0,0.02,0.02,0,0,129.472077536351,22.7416127218946,14.9603380270615,0,0,0,0,0,0,0,61.8003949225856,0.03079368914766,0.02,8.6049e-05,39.17473684
17.0,0.0,0.0,0.0,0,0,0.0,0.0,0,0,0.0,0.0,0,0,0.0,0.0,0.0,0,0,0,0,0,0,0,0.0,0.0,0.0,0.0,39.3333333333333
18.0,0.0,0.0,0.0,0,0,0.0,0.0,0,0,0.0,0.0,0,0,0.0,0.0,0.0,0,0,0,0,0,0,0,0.0,0.0,0.0,0.0,39.3333333333333
19.0,44.5561489169501,7.86272788062645,5.15736412569216,0,0,8.18001287101208,12.63449052904,0,0,0.02,0.02,0,0,128.903513817703,22.7161592483876,14.9129036062524,0,0,0,0,0,0,0,61.7110650702013,0.0309411450477946,0.02,8.4285e-05,39.34788274
20.0,44.9188818196767,7.9355759163176,5.20151920295994,0,0,8.26212650757139,12.7620606381931,0,0,0.02,0.02,0,0,129.9502092485,22.9261984556183,15.0402750297694,0,0,0,0,0,0,0,62.2747523231368,0.0312887555827248,0.02,8.4463e-05,39.34487179
21.0,45.0979409182069,7.94305031122435,5.2163248872397,0,0,8.25263418792998,12.7453765396538,0,0,0.02,0.02,0,0,130.475640175172,22.9489544935228,15.083922843142,0,0,0,0,0,0,0,62.3554301447404,0.031149579791958,0.02,8.5397e-05,39.403125
22.0,45.1217128150736,7.94404261234907,5.21829049078974,0,0,8.25137398699412,12.7431615577118,0,0,0.02,0.02,0,0,130.545396417117,22.9519755865061,15.0897175295135,0,0,0,0,0,0,0,62.3661409372683,0.031131102805468,0.02,8.531e-05,39.33020833
23.0,44.8004134976185,7.93063073882999,5.19172352886159,0,0,8.26840677587158,12.7730991007747,0,0,0.02,0.02,0,0,129.602575865158,22.911142702242,15.0113969484309,0,0,0,0,0,0,0,62.2213746046564,0.0313808364796946,0.02,8.5373e-05,39.62371134
24.0,0.0,0.0,0.0,0,0,0.0,0.0,0,0,0.0,0.0,0,0,0.0,0.0,0.0,0,0,0,0,0,0,0,0.0,0.0,0.0,0.0,39.3333333333333
25.0,0.0,0.0,0.0,0,0,0.0,0.0,0,0,0.0,0.0,0,0,0.0,0.0,0.0,0,0,0,0,0,0,0,0.0,0.0,0.0,0.0,39.3333333333333
26.0,44.9186950139524,7.93556811855828,5.201503756738,0,0,8.26213641055684,12.7620780440951,0,0,0.02,0.02,0,0,129.949661085879,22.9261747150869,15.0402294936227,0,0,0,0,0,0,0,62.2746681549542,0.0312889007796716,0.02,8.4447e-05,39.17147766
27.0,45.7975229712588,8.03418518604772,5.28936977830341,0,0,8.32431208007815,12.8533772810075,0,0,0.02,0.02,0,0,132.509488830434,23.2138081926873,15.2962576949371,0,0,0,0,0,0,0,63.1002005627572,0.031282571765336,0.02,8.5197e-05,39.12391304
28.0,45.7412678276204,8.03145878770296,5.28462545737916,0,0,8.32663017204095,12.8575614632161,0,0,0.02,0.02,0,0,132.344529808263,23.2055845777013,15.2822895735389,0,0,0,0,0,0,0,63.0722310214028,0.0313221661941772,0.02,8.4776e-05,39.72783505
29.0,43.6646097534955,7.66290465820391,5.0437396550584,0,0,7.94170716447753,12.2628509017677,0,0,0.02,0.02,0,0,126.337279548193,22.1408977768137,14.5858227427743,0,0,0,0,0,0,0,60.18152100783,0.0298602572757152,0.02,8.4576e-05,39.39456522
30.0,43.7053659259408,7.66487299576336,5.04717516366378,0,0,7.94001560822254,12.2598002030684,0,0,0.02,0.02,0,0,126.456792487248,22.1468360695847,14.5959378172674,0,0,0,0,0,0,0,60.2017367090064,0.0298314917705175,0.02,8.5454e-05,39.60208333
31.0,0.0,0.0,0.0,0,0,0.0,0.0,0,0,0.0,0.0,0,0,0.0,0.0,0.0,0,0,0,0,0,0,0,0.0,0.0,0.0,0.0,39.3333333333333
32.0,0.0,0.0,0.0,0,0,0.0,0.0,0,0,0.0,0.0,0,0,0.0,0.0,0.0,0,0,0,0,0,0,0,0.0,0.0,0.0,0.0,39.3333333333333
33.0,43.5501439787422,7.65737648246509,5.03409085511982,0,0,7.94645798590284,12.271418943593,0,0,0.02,0.02,0,0,126.001621405115,22.1242197807712,14.5574140436969,0,0,0,0,0,0,0,60.1247441870809,0.0299410466541354,0.02,0.000100426,39.83216783
34.0,43.8596350459854,7.64435240897624,5.05331459820006,0,0,7.8844906627944,12.170035656055,0,0,0.02,0.02,0,0,126.917752697058,22.0898495399552,14.6153451457857,0,0,0,0,0,0,0,60.0842495247326,0.0294179289795872,0.02,0.000100952,39.19484536
35.0,43.789804929825,7.64070395940112,5.04736059679807,0,0,7.88690425591498,12.1744908914687,0,0,0.02,0.02,0,0,126.713068339188,22.0788910683735,14.5978280751851,0,0,0,0,0,0,0,60.0476985464252,0.0294642018191563,0.02,0.00010018,39.31260504
36.0,44.0922637996361,7.66836878068272,5.07606062847164,0,0,7.89728205324727,12.1883643561989,0,0,0.02,0.02,0,0,127.595988512158,22.1600555103895,14.6817073872262,0,0,0,0,0,0,0,60.2882891024578,0.0293938706601752,0.02,0.000100022,39.30895522
37.0,44.1391474356389,7.67100855921647,5.08010480347712,0,0,7.89599564635942,12.1859050685491,0,0,0.02,0.02,0,0,127.733354326565,22.1679533981516,14.6935966708058,0,0,0,0,0,0,0,60.3141486710309,0.0293648808767106,0.02,0.000100521,39.15151515
38.0,0.0,0.0,0.0,0,0,0.0,0.0,0,0,0.0,0.0,0,0,0.0,0.0,0.0,0,0,0,0,0,0,0,0.0,0.0,0.0,0.0,39.3333333333333
39.0,0.0,0.0,0.0,0,0,0.0,0.0,0,0,0.0,0.0,0,0,0.0,0.0,0.0,0,0,0,0,0,0,0,0.0,0.0,0.0,0.0,39.3333333333333
40.0,43.9603443989846,7.6609410717481,5.06468128189493,0,0,7.9009016962636,12.1952842067149,0,0,0.02,0.02,0,0,127.209473782253,22.1378327327038,14.6482537710454,0,0,0,0,0,0,0,60.2155264270744,0.0294754410157558,0.02,9.9879e-05,39.23508772
41.0,43.4550349173862,7.58362835163285,5.00910200800837,0,0,7.8289575019897,12.0851566033445,0,0,0.02,0.02,0,0,125.74394546263,21.9138979309488,14.4871311741818,0,0,0,0,0,0,0,59.5979117785303,0.0292542532465767,0.02,9.9617e-05,39.26082474
42.0,43.4853614810322,7.58525517286808,5.01169816431217,0,0,7.82798364680789,12.0833401169914,0,0,0.02,0.02,0,0,125.832824966445,21.9187773598942,14.4947672480048,0,0,0,0,0,0,0,59.6140791522023,0.0292346191951126,0.02,0.000100704,39.35208333
43.0,42.7566643478589,7.41502894012234,4.91713382846621,0,0,7.62108529942844,11.7602830827979,0,0,0.02,0.02,0,0,123.737438016455,21.428982923911,14.2227703614711,0,0,0,0,0,0,0,58.3160433768933,0.0282760220415907,0.02,0.000100263,39.41515152
44.0,42.8144198805179,7.4184015905912,4.92214544085859,0,0,7.6197126107728,11.7575911148543,0,0,0.02,0.02,0,0,123.906620689563,21.4390552496912,14.2374981548901,0,0,0,0,0,0,0,58.3487369363284,0.0282416239315817,0.02,0.000100759,39.39636364
45.0,0.0,0.0,0.0,0,0,0.0,0.0,0,0,0.0,0.0,0,0,0.0,0.0,0.0,0,0,0,0,0,0,0,0.0,0.0,0.0,0.0,39.3333333333333
46.0,0.0,0.0,0.0,0,0,0.0,0.0,0,0,0.0,0.0,0,0,0.0,0.0,0.0,0,0,0,0,0,0,0,0.0,0.0,0.0,0.0,39.3333333333333
47.0,0.0,0.0,0.0,0,0,0.0,0.0,0,0,0.0,0.0,0,0,0.0,0.0,0.0,0,0,0,0,0,0,0,0.0,0.0,0.0,0.0,39.31189591
48.0,43.4413076818721,7.58096293388044,5.00745344699329,0,0,7.82601058038106,12.0805845422835,0,0,0.02,0.02,0,0,125.704306344384,21.9062089918036,14.4823726587212,0,0,0,0,0,0,0,59.5772138523955,0.0292425154975421,0.02,0.000124607,39.26666667
49.0,43.519121795089,7.58534810809195,5.014166626919,0,0,7.82388226968396,12.0765135810162,0,0,0.02,0.02,0,0,125.932295136193,21.9193283031372,14.5021082473411,0,0,0,0,0,0,0,59.6201604792015,0.0291944408020603,0.02,0.000124873,39.42244898
50.0,41.9463691375392,7.2219678358503,4.81105434171207,0,0,7.38439235569353,11.3904993414063,0,0,0.02,0.02,0,0,121.408571605062,20.8736226528876,13.9177689075135,0,0,0,0,0,0,0,56.8464847336557,0.0271692859119255,0.02,0.000124961,39.5419244
51.0,41.9259184886612,7.22063171297411,4.80924495561803,0,0,7.38462920694643,11.3910557326958,0,0,0.02,0.02,0,0,121.348709278645,20.869653011597,13.9124581641787,0,0,0,0,0,0,0,56.8339240483333,0.0271799173684932,0.02,0.000125124,39.2140469566667
52.0,0.0,0.0,0.0,0,0,0.0,0.0,0,0,0.0,0.0,0,0,0.0,0.0,0.0,0,0,0,0,0,0,0,0.0,0.0,0.0,0.0,39.3333333333333
53.0,0.0,0.0,0.0,0,0,0.0,0.0,0,0,0.0,0.0,0,0,0.0,0.0,0.0,0,0,0,0,0,0,0,0.0,0.0,0.0,0.0,39.3333333333333
54.0,41.7784117992663,7.21099450961362,4.79619419355368,0,0,7.38633757054903,11.3950688785677,0,0,0.02,0.02,0,0,120.916933561309,20.8410207345309,13.8741527699489,0,0,0,0,0,0,0,56.7433261842026,0.0272566000679564,0.02,0.000117879,39.3728637933333
55.0,41.5518526469902,7.1655245211813,4.76862279097965,0,0,7.33510316719683,11.315474179311,0,0,0.02,0.02,0,0,120.263169369622,20.7099180478277,13.7946182554237,0,0,0,0,0,0,0,56.3914620259766,0.0270394492813119,0.02,0.00011773,39.19646959
56.0,41.5145788947131,7.1631325618578,4.7653355912042,0,0,7.33561087179133,11.316609307407,0,0,0.02,0.02,0,0,120.154049841504,20.7028058699754,13.7849680069783,0,0,0,0,0,0,0,56.3688688951108,0.0270592997032028,0.02,0.000117358,39.28675697
57.0,40.2915800044429,6.88661315534086,4.60887712769984,0,0,7.00448309352595,10.8000744185751,0,0,0.02,0.02,0,0,116.634469554232,19.9068386400103,13.3346603666642,0,0,0,0,0,0,0,54.2539830725256,0.0255505214369889,0.02,0.00011674,39.3349065066667
58.0,40.2091431188576,6.88079880456946,4.60147832320292,0,0,7.00468546671422,10.8011192294312,0,0,0.02,0.02,0,0,116.393295044098,19.8896198452046,13.3129635025332,0,0,0,0,0,0,0,54.200379247624,0.0255887058330098,0.02,0.000116789,39.26300505
59.0,0.0,0.0,0.0,0,0,0.0,0.0,0,0,0.0,0.0,0,0,0.0,0.0,0.0,0,0,0,0,0,0,0,0.0,0.0,0.0,0.0,39.3333333333333
60.0,0.0,0.0,0.0,0,0,0.0,0.0,0,0,0.0,0.0,0,0,0.0,0.0,0.0,0,0,0,0,0,0,0,0.0,0.0,0.0,0.0,39.3333333333333
61.0,40.0558036677073,6.86998362942363,4.58771593258529,0,0,7.00506189764554,10.8030626643644,0,0,0.02,0.02,0,0,115.944690432792,19.857591457351,13.2726055339623,0,0,0,0,0,0,0,54.1006716830843,0.025659731979701,0.02,0.000117959,39.2756632066667
62.0,41.4653082083437,7.13761492093897,4.75550389667933,0,0,7.29702128170688,11.2555949796908,0,0,0.02,0.02,0,0,120.016669176849,20.629893207654,13.7571219702283,0,0,0,0,0,0,0,56.1839443442572,0.0268420549216706,0.02,0.000117846,39.2152482266667
63.0,41.5179833281426,7.14113078349075,4.76018262185062,0,0,7.29654185397852,11.2543698814653,0,0,0.02,0.02,0,0,120.170834867543,20.6403292122954,13.7708511604739,0,0,0,0,0,0,0,56.2168130760106,0.0268154825222802,0.02,0.000117386,39.3317731466667
64.0,44.5259490692571,7.81023625657672,5.14229410347954,0,0,8.09164322858226,12.4940442797792,0,0,0.02,0.02,0,0,128.830616110628,22.5667773697282,14.8709620423617,0,0,0,0,0,0,0,61.3421204520277,0.0304066301917508,0.02,0.000117828,39.266
65.0,44.41291801878,7.80444550022787,5.13268479588812,0,0,8.0957516788033,12.5015768985443,0,0,0.02,0.02,0,0,128.499266974575,22.5493655929737,14.8426854134545,0,0,0,0,0,0,0,61.2837534220329,0.030482777957588,0.02,0.000117251,39.34035088
66.0,0.0,0.0,0.0,0,0,0.0,0.0,0,0,0.0,0.0,0,0,0.0,0.0,0.0,0,0,0,0,0,0,0,0.0,0.0,0.0,0.0,39.3333333333333
67.0,0.0,0.0,0.0,0,0,0.0,0.0,0,0,0.0,0.0,0,0,0.0,0.0,0.0,0,0,0,0,0,0,0,0.0,0.0,0.0,0.0,39.3333333333333
68.0,44.4144229345899,7.80452259940321,5.13281273594401,0,0,8.09569697815542,12.5014766078983,0,0,0.02,0.02,0,0,128.503678616786,22.5495974165125,14.8430618935961,0,0,0,0,0,0,0,61.2845305312064,0.0304817641124878,0.02,0.000135657,39.2847319333333
69.0,43.8169867431357,7.72395656343876,5.06976122954268,0,0,8.02967679659226,12.4015893131229,0,0,0.02,0.02,0,0,126.767631976234,22.3156371986893,14.6598820883462,0,0,0,0,0,0,0,60.6295149244395,0.0303388524763686,0.02,0.000135341,39.2419554066667
70.0,43.854998005759,7.72584411034073,5.07297806485908,0,0,8.02819009358072,12.3988888617432,0,0,0.02,0.02,0,0,126.879079884832,22.3213226422677,14.6693508649791,0,0,0,0,0,0,0,60.6487282248907,0.0303125905798697,0.02,0.000135578,39.18756795
71.0,45.0191154516197,7.88111331428489,5.19541429486019,0,0,8.15381918477078,12.5887243566718,0,0,0.02,0.02,0,0,130.262331026742,22.7723256808497,15.0251227963034,0,0,0,0,0,0,0,61.9131419114127,0.0305727783296588,0.02,0.000135083,39.1962711333333
72.0,45.0539140332414,7.88304365618621,5.19840890066396,0,0,8.15281346167772,12.5868179291218,0,0,0.02,0.02,0,0,130.364297362232,22.7781053984088,15.0339278479494,0,0,0,0,0,0,0,61.9321346703106,0.0305509468484022,0.02,0.000135501,39.1885416666667
73.0,0.0,0.0,0.0,0,0,0.0,0.0,0,0,0.0,0.0,0,0,0.0,0.0,0.0,0,0,0,0,0,0,0,0.0,0.0,0.0,0.0,39.3333333333333
74.0,0.0,0.0,0.0,0,0,0.0,0.0,0,0,0.0,0.0,0,0,0.0,0.0,0.0,0,0,0,0,0,0,0,0.0,0.0,0.0,0.0,39.3333333333333
75.0,44.9041229940072,7.87473446925957,5.1855185731121,0,0,8.15714261247269,12.5950241763488,0,0,0.02,0.02,0,0,129.925381675206,22.7532265137153,14.9960263653282,0,0,0,0,0,0,0,61.8503800423728,0.0306449208011626,0.02,0.000136053,39.2117922533333
76.0,45.0283904677054,7.94162321237784,5.21093630069825,0,0,8.25891353424432,12.7559847614262,0,0,0.02,0.02,0,0,130.27109840818,22.9443091086398,15.067965435668,0,0,0,0,0,0,0,62.3343314650367,0.0312206784415525,0.02,0.000135803,39.23674596
77.0,45.1600534789879,7.94805809382266,5.22205341806472,0,0,8.2535826994819,12.7463424280896,0,0,0.02,0.02,0,0,130.657162163493,22.963709150376,15.1006936374151,0,0,0,0,0,0,0,62.4001666123795,0.0311285943859804,0.02,0.000136301,39.2272108833333
78.0,44.2557665986072,7.82811525858715,5.12710942025534,0,0,8.15717121121,12.600752658475,0,0,0.02,0.02,0,0,128.02884567243,22.6152742139433,14.8247823327953,0,0,0,0,0,0,0,61.4226190589276,0.0309339898042729,0.02,0.000136041,39.32140351
79.0,44.1966960141286,7.82544384316295,5.1221746376871,0,0,8.15994150801493,12.6056815640962,0,0,0.02,0.02,0,0,127.855572086793,22.6071828740572,14.8102443526709,0,0,0,0,0,0,0,61.3945774824767,0.0309776593293316,0.02,0.000135295,39.24375
80.0,0.0,0.0,0.0,0,0,0.0,0.0,0,0,0.0,0.0,0,0,0.0,0.0,0.0,0,0,0,0,0,0,0,0.0,0.0,0.0,0.0,39.3333333333333
81.0,0.0,0.0,0.0,0,0,0.0,0.0,0,0,0.0,0.0,0,0,0.0,0.0,0.0,0,0,0,0,0,0,0,0.0,0.0,0.0,0.0,39.3333333333333
82.0,44.2467674293228,7.82770827904152,5.12635762570133,0,0,8.15759325494185,12.6015035576994,0,0,0.02,0.02,0,0,128.002448128823,22.6140415304001,14.8225675291778,0,0,0,0,0,0,0,61.418347035962,0.0309406426832319,0.02,0.000153923,39.4013533466667
83.0,48.4483136942019,8.77628740060058,5.66352147289557,0,0,9.2927266882142,14.3721489844536,0,0,0.02,0.02,0,0,140.094201059886,25.3445997036705,16.3686379062215,0,0,0,0,0,0,0,68.6742933144227,0.0361090273597573,0.02,0.00015185,39.2885416666666
84.0,48.4534706565434,8.7763521034051,5.66391093116853,0,0,9.29218889250136,14.3712474509237,0,0,0.02,0.02,0,0,140.109379848969,25.3448273477709,16.3697933511668,0,0,0,0,0,0,0,68.6755725646798,0.0361033766638595,0.02,0.00015164,39.2604166666666
85.0,46.7781862588258,8.34441120226552,5.43654518421272,0,0,8.7452462848188,13.5150350254054,0,0,0.02,0.02,0,0,135.304512359281,24.1034741126834,15.7170723806722,0,0,0,0,0,0,0,65.4098495193468,0.033457507758573,0.02,0.000151526,39.3657284278959
86.0,46.8764872654402,8.34805167059853,5.44455970681028,0,0,8.73922224520993,13.5045813253413,0,0,0.02,0.02,0,0,135.593108819346,24.1146518770456,15.7407220052402,0,0,0,0,0,0,0,65.4509300654453,0.0333760608049427,0.02,0.000151949,39.3169690860215
87.0,0.0,0.0,0.0,0,0,0.0,0.0,0,0,0.0,0.0,0,0,0.0,0.0,0.0,0,0,0,0,0,0,0,0.0,0.0,0.0,0.0,39.3333333333333
88.0,0.0,0.0,0.0,0,0,0.0,0.0,0,0,0.0,0.0,0,0,0.0,0.0,0.0,0,0,0,0,0,0,0,0.0,0.0,0.0,0.0,39.3333333333333
89.0,46.8928980248976,8.34865942480353,5.44589768296174,0,0,8.73821656817377,13.502836143241,0,0,0.02,0.02,0,0,135.641288255646,24.1165179373082,15.744670167252,0,0,0,0,0,0,0,65.457788214549,0.0333624637278567,0.02,0.000150818,39.182780067155
90.0,48.0374262041476,8.64496405001457,5.60152720688744,0,0,9.11400303605238,14.0911688583418,0,0,0.02,0.02,0,0,138.923527710282,24.9680267566624,16.1914152368745,0,0,0,0,0,0,0,67.6972672222469,0.0351834012254359,0.02,0.000150711,39.2982638888889
91.0,48.0342699097228,8.64489275643881,5.60128106293283,0,0,9.11427653374989,14.0916320140551,0,0,0.02,0.02,0,0,138.91424732932,24.9677973917937,16.1906866603813,0,0,0,0,0,0,0,67.6962644441725,0.0351865138633673,0.02,0.000150716,39.23648852657
92.0,46.5071750928237,8.36600636137749,5.42221247394952,0,0,8.8174051697623,13.6323090515486,0,0,0.02,0.02,0,0,134.499159245606,24.1625212695435,15.6732223533675,0,0,0,0,0,0,0,65.515989894164,0.0340259568409792,0.02,0.00015127,39.2523613765461
93.0,46.4105881517356,8.36364276355231,5.41463548586364,0,0,8.82545509734691,13.6459735483895,0,0,0.02,0.02,0,0,134.215222674588,24.1549855769046,15.6508041224365,0,0,0,0,0,0,0,65.484041737814,0.0341192302639749,0.02,0.000149787,39.2353606630824
94.0,0.0,0.0,0.0,0,0,0.0,0.0,0,0,0.0,0.0,0,0,0.0,0.0,0.0,0,0,0,0,0,0,0,0.0,0.0,0.0,0.0,39.3333333333333
95.0,0.0,0.0,0.0,0,0,0.0,0.0,0,0,0.0,0.0,0,0,0.0,0.0,0.0,0,0,0,0,0,0,0,0.0,0.0,0.0,0.0,39.3333333333333
96.0,47.6055244236671,8.39288428152308,5.50837505141783,0,0,8.72586450726395,13.4769216793799,0,0,0.02,0.02,0,0,137.727976094613,24.2482142511636,15.9281538033583,0,0,0,0,0,0,0,65.8792919695113,0.0329652875560976,0.02,0.000147639,39.1793906810035
97.0,49.3451900531953,8.59668470535857,5.68441532108229,0,0,8.86401992279212,13.6816580677654,0,0,0.02,0.02,0,0,142.792595534,24.8419827019877,16.4407638668822,0,0,0,0,0,0,0,67.5730033456868,0.0330460490234361,0.02,0.00014879,39.2563377192982
98.0,49.341107937205,8.59653587576032,5.68408308043835,0,0,8.86427420303395,13.6820987384993,0,0,0.02,0.02,0,0,142.780610356412,24.8415251941033,16.4397833603161,0,0,0,0,0,0,0,67.5713136852683,0.0330494566398729,0.02,0.000148588,39.2361111111111
99.0,47.5538253743983,8.26153532083728,5.47239472427903,0,0,8.50172335757584,13.1204749429423,0,0,0.02,0.02,0,0,137.615913863915,23.8746212000597,15.8283500458127,0,0,0,0,0,0,0,64.9599316167903,0.0315973847971609,0.02,0.00014877,39.2504480286738
100.0,47.5258042307664,8.26041632666498,5.47009020551395,0,0,8.50329782629264,13.1232275786863,0,0,0.02,0.02,0,0,137.53367308232,23.8712040672597,15.8215537634926,0,0,0,0,0,0,0,64.9476577881051,0.0316197155614886,0.02,0.000148868,39.2694444444444
101.0,0.0,0.0,0.0,0,0,0.0,0.0,0,0,0.0,0.0,0,0,0.0,0.0,0.0,0,0,0,0,0,0,0,0.0,0.0,0.0,0.0,39.3333333333333
102.0,0.0,0.0,0.0,0,0,0.0,0.0,0,0,0.0,0.0,0,0,0.0,0.0,0.0,0,0,0,0,0,0,0,0.0,0.0,0.0,0.0,39.3333333333333
103.0,47.1831146612048,8.24673138802417,5.44190668259899,0,0,8.52255307204343,13.1568914280513,0,0,0.02,0.02,0,0,136.527894788061,23.8294136327309,15.7384374177261,0,0,0,0,0,0,0,64.7975528129388,0.0318928136232955,0.02,0.000153161,39.1954048463357
104.0,47.5292887043637,8.33156785634994,5.48780436310399,0,0,8.62781220096763,13.3214612388514,0,0,0.02,0.02,0,0,137.522109043413,24.0733704512765,15.8703309457643,0,0,0,0,0,0,0,65.4417250648532,0.0323914019887127,0.02,0.00015318,39.2502868357488
105.0,47.4891731869895,8.3301162258542,5.48454207291793,0,0,8.63033025794845,13.3258223589719,0,0,0.02,0.02,0,0,137.404325692117,24.0689055337235,15.8607027556745,0,0,0,0,0,0,0,65.4251964080501,0.0324250113980614,0.02,0.000154042,39.2549128250591
106.0,46.3487875448015,8.06090420063398,5.33586160375395,0,0,8.30159985122411,12.8123806862058,0,0,0.02,0.02,0,0,134.125981541726,23.2944001979884,15.4331377690757,0,0,0,0,0,0,0,63.3742984530958,0.030894180170748,0.02,0.00015345,39.2538949275362
107.0,46.3392975500075,8.0604723713537,5.33506815443503,0,0,8.30204025533208,12.8131651228135,0,0,0.02,0.02,0,0,134.09814505833,23.2930927465966,15.4308003769632,0,0,0,0,0,0,0,63.3697750305931,0.0309011664206446,0.02,0.000153433,39.2986111111111
108.0,0.0,0.0,0.0,0,0,0.0,0.0,0,0,0.0,0.0,0,0,0.0,0.0,0.0,0,0,0,0,0,0,0,0.0,0.0,0.0,0.0,39.3333333333333
109.0,0.0,0.0,0.0,0,0,0.0,0.0,0,0,0.0,0.0,0,0,0.0,0.0,0.0,0,0,0,0,0,0,0,0.0,0.0,0.0,0.0,39.3333333333333
110.0,45.8121290758211,8.03648428835306,5.29099210635667,0,0,8.32650466934512,12.8567405154795,0,0,0.02,0.02,0,0,132.5518305664,23.2204639232637,15.3009584265438,0,0,0,0,0,0,0,63.1184992616779,0.0312892520601201,0.02,0.000171143,39.2290509259259
111.0,46.2743142460356,8.11684866318076,5.34419630691908,0,0,8.40925554663208,12.9844535883061,0,0,0.02,0.02,0,0,133.889326116157,23.4527017706733,15.4548438126476,0,0,0,0,0,0,0,63.7503354512145,0.031596522284204,0.02,0.00017157,39.3131876663709
112.0,46.3280060569163,8.1193092413651,5.34868969907378,0,0,8.40679442700778,12.9800641312034,0,0,0.02,0.02,0,0,134.046812031382,23.4601484231154,15.4680798902406,0,0,0,0,0,0,0,63.7760484704732,0.0315571872547558,0.02,0.000171851,39.4355827294686
113.0,45.928438492367,8.07406960956692,5.30864180492923,0,0,8.37781891474532,12.9374287032391,0,0,0.02,0.02,0,0,132.883085272813,23.3282298091943,15.3514025748182,0,0,0,0,0,0,0,63.3979209500338,0.0315556302844989,0.02,0.000171821,39.4576388888889
114.0,45.9300589163688,8.07413843291164,5.30877608157308,0,0,8.37773508934861,12.9372810248169,0,0,0.02,0.02,0,0,132.887839881276,23.3284391033231,15.3517983709391,0,0,0,0,0,0,0,63.3986592594784,0.0315543837652144,0.02,0.000170588,39.2437130614657
115.0,0.0,0.0,0.0,0,0,0.0,0.0,0,0,0.0,0.0,0,0,0.0,0.0,0.0,0,0,0,0,0,0,0,0.0,0.0,0.0,0.0,39.3333333333333
116.0,0.0,0.0,0.0,0,0,0.0,0.0,0,0,0.0,0.0,0,0,0.0,0.0,0.0,0,0,0,0,0,0,0,0.0,0.0,0.0,0.0,39.3333333333333
117.0,45.9016526023458,8.07293194773239,5.30642218869873,0,0,8.3792045631034,12.939869853192,0,0,0.02,0.02,0,0,132.804490769623,23.3247701409164,15.3448599962379,0,0,0,0,0,0,0,63.3857165667584,0.0315762354646425,0.02,0.000214164,39.20004678881
118.0,44.7707623720815,7.92017388468988,5.18700926953327,0,0,8.25378822770405,12.750081887548,0,0,0.02,0.02,0,0,129.518396596166,22.8811834766343,14.9979463798386,0,0,0,0,0,0,0,62.1440710025867,0.0313024967826025,0.02,0.000214141,39.248354468599
119.0,44.7533421614697,7.91956329536285,5.18559747123163,0,0,8.25491643918419,12.7520310292033,0,0,0.02,0.02,0,0,129.46724296673,22.879300782906,14.9937786800757,0,0,0,0,0,0,0,62.1370306280409,0.0313173098307521,0.02,0.00021396,39.2877566425121
120.0,44.2478247611497,7.76561239217073,5.11119488548767,0,0,8.04840845423196,12.4276393640143,0,0,0.02,0.02,0,0,128.024619007393,22.4376402258588,14.7808818917776,0,0,0,0,0,0,0,60.9878209952077,0.0302619749149735,0.02,0.000212827,39.4259200469427
121.0,0.0,0.0,0.0,0,0,0.0,0.0,0,0,0.0,0.0,0,0,0.0,0.0,0.0,0,0,0,0,0,0,0,0.0,0.0,0.0,0.0,39.1833333333333
122.0,0.0,0.0,0.0,0,0,0.0,0.0,0,0,0.0,0.0,0,0,0.0,0.0,0.0,0,0,0,0,0,0,0,0.0,0.0,0.0,0.0,39.3333333333333
123.0,0.0,0.0,0.0,0,0,0.0,0.0,0,0,0.0,0.0,0,0,0.0,0.0,0.0,0,0,0,0,0,0,0,0.0,0.0,0.0,0.0,39.3333333333333
124.0,0.0,0.0,0.0,0,0,0.0,0.0,0,0,0.0,0.0,0,0,0.0,0.0,0.0,0,0,0,0,0,0,0,0.0,0.0,0.0,0.0,39.1666666666667
125.0,0.0,0.0,0.0,0,0,0.0,0.0,0,0,0.0,0.0,0,0,0.0,0.0,0.0,0,0,0,0,0,0,0,0.0,0.0,0.0,0.0,39.1666666666667
126.0,0.0,0.0,0.0,0,0,0.0,0.0,0,0,0.0,0.0,0,0,0.0,0.0,0.0,0,0,0,0,0,0,0,0.0,0.0,0.0,0.0,39.1833333333333
127.0,0.0,0.0,0.0,0,0,0.0,0.0,0,0,0.0,0.0,0,0,0.0,0.0,0.0,0,0,0,0,0,0,0,0.0,0.0,0.0,0.0,39.2
128.0,0.0,0.0,0.0,0,0,0.0,0.0,0,0,0.0,0.0,0,0,0.0,0.0,0.0,0,0,0,0,0,0,0,0.0,0.0,0.0,0.0,39.2
129.0,0.0,0.0,0.0,0,0,0.0,0.0,0,0,0.0,0.0,0,0,0.0,0.0,0.0,0,0,0,0,0,0,0,0.0,0.0,0.0,0.0,39.3333333333333
130.0,0.0,0.0,0.0,0,0,0.0,0.0,0,0,0.0,0.0,0,0,0.0,0.0,0.0,0,0,0,0,0,0,0,0.0,0.0,0.0,0.0,39.3333333333333
131.0,44.0950068174256,7.76118308112937,5.09903746811115,0,0,8.05993370295035,12.4473304871323,0,0,0.02,0.02,0,0,127.57559182539,22.4237580859735,14.7449466942594,0,0,0,0,0,0,0,60.9324896891256,0.0304020677378188,0.02,0.00014761,39.2
132.0,43.7517583153142,7.71519900641878,5.06288672468701,0,0,8.02253662017114,12.3907917495976,0,0,0.02,0.02,0,0,126.578077530987,22.2902032007704,14.6399085261244,0,0,0,0,0,0,0,60.5582682909204,0.0303231852752225,0.02,0.000147783,39.3
133.0,43.8135699753006,7.71803541758966,5.06806056807101,0,0,8.01970983333718,12.3857488689678,0,0,0.02,0.02,0,0,126.759379007441,22.2987865783282,14.6551488143722,0,0,0,0,0,0,0,60.5878956960917,0.0302779351160606,0.02,0.00014776,39.1833333333333
134.0,43.8314266124696,7.6934563768271,5.06332203915183,0,0,7.9742890960954,12.313268926243,0,0,0.02,0.02,0,0,126.819548549536,22.2291109150058,14.6424080638545,0,0,0,0,0,0,0,60.4202913858948,0.0299883091711488,0.02,0.000147764,39.4666666666667
135.0,43.8355175942468,7.69366252995663,5.06366899017039,0,0,7.9741343660792,12.312986691594,0,0,0.02,0.02,0,0,126.831542266187,22.2297313505836,14.6434291740966,0,0,0,0,0,0,0,60.4223800693637,0.0299855154826104,0.02,0.000147909,39.3
136.0,0.0,0.0,0.0,0,0,0.0,0.0,0,0,0.0,0.0,0,0,0.0,0.0,0.0,0,0,0,0,0,0,0,0.0,0.0,0.0,0.0,39.3333333333333
137.0,0.0,0.0,0.0,0,0,0.0,0.0,0,0,0.0,0.0,0,0,0.0,0.0,0.0,0,0,0,0,0,0,0,0.0,0.0,0.0,0.0,39.3333333333333
138.0,43.8226084360616,7.69301201047148,5.06257418070289,0,0,7.97462261911082,12.3138772875262,0,0,0.02,0.02,0,0,126.793695902181,22.2277735562315,14.640207044457,0,0,0,0,0,0,0,60.4157891953957,0.029994331011309,0.02,0.000147647,39.2
139.0,45.4655030910615,8.0532466075738,5.26999567241443,0,0,8.39972787186394,12.9763720297986,0,0,0.02,0.02,0,0,131.525107810834,23.2651386715777,15.2375447828153,0,0,0,0,0,0,0,63.1789421783295,0.0318988821242012,0.02,0.0001476278,39.3
140.0,45.4535981249307,8.05275994624952,5.26901382177745,0,0,8.40037703940076,12.9775100479508,0,0,0.02,0.02,0,0,131.490170728879,23.2636549217546,15.2346497447312,0,0,0,0,0,0,0,63.1736495367128,0.0319082472341084,0.02,0.000147893,39.2
141.0,44.4956963608647,7.86693404133778,5.15401709918013,0,0,8.19503596455217,12.6589416724887,0,0,0.02,0.02,0,0,128.724056825186,22.7275949005023,14.9027099292916,0,0,0,0,0,0,0,61.7305037263622,0.0310615483968133,0.02,0.000147669,39.3
142.0,44.537534197479,7.86873531753497,5.15748996582419,0,0,8.19291438399342,12.6551967652631,0,0,0.02,0.02,0,0,128.846808918512,22.733067775831,14.9129454326821,0,0,0,0,0,0,0,61.7497348821584,0.0310296275818768,0.02,0.000147775,39.3
143.0,0.0,0.0,0.0,0,0,0.0,0.0,0,0,0.0,0.0,0,0,0.0,0.0,0.0,0,0,0,0,0,0,0,0.0,0.0,0.0,0.0,39.3333333333333
144.0,0.0,0.0,0.0,0,0,0.0,0.0,0,0,0.0,0.0,0,0,0.0,0.0,0.0,0,0,0,0,0,0,0,0.0,0.0,0.0,0.0,39.3333333333333
145.0,44.4643165504777,7.86558302249702,5.15141233025303,0,0,8.19662722263436,12.6617504811693,0,0,0.02,0.02,0,0,128.631988550989,22.7234900565624,14.8950329511875,0,0,0,0,0,0,0,61.716079700857,0.0310854901012886,0.02,0.000147814,39.1833333333333
146.0,45.089992044988,8.02937237882791,5.23693388907528,0,0,8.40523493599862,12.9884323389583,0,0,0.02,0.02,0,0,130.425724457422,23.1941221990765,15.1404749842279,0,0,0,0,0,0,0,62.9528788716128,0.0321005394227834,0.02,0.000147594,39.4666666666667
147.0,44.196819092563,7.82891499769002,5.12303543117138,0,0,8.16602191531946,12.6153623160545,0,0,0.02,0.02,0,0,127.854869668522,22.6170452395467,14.8126138523224,0,0,0,0,0,0,0,61.4186731882928,0.0310148270519537,0.02,0.0001477,39.4666666666667
148.0,43.3045055625375,7.67613615732522,5.02090031647473,0,0,8.01043219022121,12.3754381091005,0,0,0.02,0.02,0,0,125.271917172489,22.1754271518275,14.5171201402566,0,0,0,0,0,0,0,60.215303681692,0.0304475107885009,0.02,0.000147943,39.4666666666667
149.0,43.2993144722717,7.67593047042861,5.02047378613981,0,0,8.01072670423168,12.3759525643839,0,0,0.02,0.02,0,0,125.256681063576,22.1747986912402,14.5158621761152,0,0,0,0,0,0,0,60.2130410715661,0.030451666189335,0.02,0.000148006,39.2
150.0,0.0,0.0,0.0,0,0,0.0,0.0,0,0,0.0,0.0,0,0,0.0,0.0,0.0,0,0,0,0,0,0,0,0.0,0.0,0.0,0.0,39.3333333333333
151.0,0.0,0.0,0.0,0,0,0.0,0.0,0,0,0.0,0.0,0,0,0.0,0.0,0.0,0,0,0,0,0,0,0,0.0,0.0,0.0,0.0,39.3333333333333
152.0,0.0,0.0,0.0,0,0,0.0,0.0,0,0,0.0,0.0,0,0,0.0,0.0,0.0,0,0,0,0,0,0,0,0.0,0.0,0.0,0.0,39.2
153.0,0.0,0.0,0.0,0,0,0.0,0.0,0,0,0.0,0.0,0,0,0.0,0.0,0.0,0,0,0,0,0,0,0,0.0,0.0,0.0,0.0,39.3333333333333
154.0,43.313756002405,7.67650268808682,5.02166038671293,0,0,8.00990737096273,12.3745213580096,0,0,0.02,0.02,0,0,125.299067675005,22.1765470585472,14.5193618122464,0,0,0,0,0,0,0,60.2193356167656,0.0304401059306438,0.02,0.000140441,39.2
155.0,44.1129298121323,7.8123197102894,5.11288559646434,0,0,8.14747454386869,12.5865646445111,0,0,0.02,0.02,0,0,127.612722878613,22.5691861762471,14.7833269370412,0,0,0,0,0,0,0,61.2900590263726,0.0309371046270938,0.02,0.000140344,39.3
156.0,44.1642533819932,7.81439186522605,5.11711210384721,0,0,8.1446304402159,12.5815861200525,0,0,0.02,0.02,0,0,127.763348284837,22.5755092169528,14.7957902751509,0,0,0,0,0,0,0,61.3126965674117,0.0308964440699207,0.02,0.000139941,39.2666666666667
157.0,0.0,0.0,0.0,0,0,0.0,0.0,0,0,0.0,0.0,0,0,0.0,0.0,0.0,0,0,0,0,0,0,0,0.0,0.0,0.0,0.0,39.3333333333333
158.0,0.0,0.0,0.0,0,0,0.0,0.0,0,0,0.0,0.0,0,0,0.0,0.0,0.0,0,0,0,0,0,0,0,0.0,0.0,0.0,0.0,39.3333333333333
159.0,44.0792860230901,7.81096136472341,5.11011502296058,0,0,8.14933891970163,12.5898281826298,0,0,0.02,0.02,0,0,127.513984435337,22.5650412765805,14.7751569301756,0,0,0,0,0,0,0,61.2752195937841,0.0309637585642922,0.02,8.4294e-05,39.2
160.0,50.7710080934319,7.93507405509219,5.62533405848165,0,0,7.52200720207689,11.532274091623,0,0,0.02,0.02,0,0,147.197800107209,22.9745084550701,16.3015760189844,0,0,0,0,0,0,0,63.2136923653339,0.0240674501496123,0.02,2e-08,39.2666666666667
161.0,43.1384353364092,7.64938883442268,5.00230567999154,0,0,7.98443712862185,12.3355018114626,0,0,0.02,0.02,0,0,124.790681239635,22.0980283946564,14.4632636804638,0,0,0,0,0,0,0,60.003040782909,0.0303601036879811,0.02,6.3571e-05,39.2
162.0,42.9557918425832,7.6178222092158,4.98132771295047,0,0,7.95207205688841,12.2855678158265,0,0,0.02,0.02,0,0,124.262079277549,22.0067974676631,14.4025813063997,0,0,0,0,0,0,0,59.7546823186982,0.0302409292999162,0.02,9.419e-05,39.2
163.0,42.9391279339648,7.61717832289106,4.97996253083482,0,0,7.9530462572899,12.2872650965824,0,0,0.02,0.02,0,0,124.213164845343,22.0048266069968,14.398554180315,0,0,0,0,0,0,0,59.7475327907492,0.0302544478354475,0.02,6.4066e-05,39.2333333333333
164.0,0.0,0.0,0.0,0,0,0.0,0.0,0,0,0.0,0.0,0,0,0.0,0.0,0.0,0,0,0,0,0,0,0,0.0,0.0,0.0,0.0,39.3333333333333
165.0,0.0,0.0,0.0,0,0,0.0,0.0,0,0,0.0,0.0,0,0,0.0,0.0,0.0,0,0,0,0,0,0,0,0.0,0.0,0.0,0.0,39.3333333333333
166.0,43.1593503673348,7.62568762382966,4.9980041400625,0,0,7.94017167978718,12.2648346268325,0,0,0.02,0.02,0,0,124.859595135736,22.0308725810668,14.4517747977693,0,0,0,0,0,0,0,59.8420176129124,0.0300757931837405,0.02,6.4475e-05,39.1333333333333
167.0,43.7844990461649,7.6545478296282,5.05037373922548,0,0,7.91188675040422,12.214317016978,0,0,0.02,0.02,0,0,126.693182672764,22.1181754908816,14.6060285563233,0,0,0,0,0,0,0,60.1428650065935,0.0296220074707704,0.02,6.4961e-05,39.2
168.0,43.6122519470447,7.64533865594037,5.03563578503953,0,0,7.91747200637141,12.2247201909485,0,0,0.02,0.02,0,0,126.188360462331,22.0905489551493,14.5626783745918,0,0,0,0,0,0,0,60.0512517785827,0.0297338558111819,0.02,6.539e-05,39.4
169.0,43.0353444937139,7.52393491118024,4.9640491811302,0,0,7.77714048398087,12.0063270324899,0,0,0.02,0.02,0,0,124.52534772646,21.7407459874472,14.3563595853511,0,0,0,0,0,0,0,59.116292251473,0.0291205951335717,0.02,6.5083e-05,39.4
170.0,42.9067479360684,7.51672669970911,4.9529644152032,0,0,7.78072586290847,12.0131631990732,0,0,0.02,0.02,0,0,124.148558753185,21.719175027487,14.3237704862023,0,0,0,0,0,0,0,59.045587115346,0.0292004693765147,0.02,6.4693e-05,39.2
171.0,0.0,0.0,0.0,0,0,0.0,0.0,0,0,0.0,0.0,0,0,0.0,0.0,0.0,0,0,0,0,0,0,0,0.0,0.0,0.0,0.0,39.3333333333333
172.0,0.0,0.0,0.0,0,0,0.0,0.0,0,0,0.0,0.0,0,0,0.0,0.0,0.0,0,0,0,0,0,0,0,0.0,0.0,0.0,0.0,39.3333333333333
173.0,43.0195072483724,7.52304718746794,4.96268404227459,0,0,7.77758203954626,12.0071689371984,0,0,0.02,0.02,0,0,124.478944467143,21.738089426561,14.3523460909922,0,0,0,0,0,0,0,59.1075845954653,0.0291304320063863,0.02,6.4279e-05,39.3333333333333
174.0,43.5534642722799,7.68447249862714,5.04098118354027,0,0,7.9936239118822,12.3464921307484,0,0,0.02,0.02,0,0,126.003092337894,22.2012259814644,14.5764191679256,0,0,0,0,0,0,0,60.3132165210179,0.0302325346384065,0.02,6.4332e-05,39.1666666666667
175.0,43.6432683712091,7.68873081797213,5.0485318062688,0,0,7.98975825226709,12.3395496952263,0,0,0.02,0.02,0,0,126.266457045254,22.2140868064295,14.5986540115399,0,0,0,0,0,0,0,60.3572141401128,0.0301682917381714,0.02,6.4377e-05,39.3666666666667
176.0,43.1320610589161,7.60644214473529,4.99130410406568,0,0,7.90982042523934,12.2167455281774,0,0,0.02,0.02,0,0,124.785073505863,21.9759655281467,14.4329012446533,0,0,0,0,0,0,0,59.7041365603841,0.0299003114495798,0.02,6.4504e-05,39.1333333333333
177.0,43.1972700028231,7.60943723383837,4.99676299462952,0,0,7.90684316123855,12.2114332650788,0,0,0.02,0.02,0,0,124.97633879489,21.9850285718355,14.448981046326,0,0,0,0,0,0,0,59.7354116491813,0.0298526024249086,0.02,6.4495e-05,39.1666666666667
178.0,0.0,0.0,0.0,0,0,0.0,0.0,0,0,0.0,0.0,0,0,0.0,0.0,0.0,0,0,0,0,0,0,0,0.0,0.0,0.0,0.0,39.3333333333333
179.0,0.0,0.0,0.0,0,0,0.0,0.0,0,0,0.0,0.0,0,0,0.0,0.0,0.0,0,0,0,0,0,0,0,0.0,0.0,0.0,0.0,39.3333333333333
180.0,43.1245754596597,7.60609832630457,4.9906774558684,0,0,7.91016219745424,12.217355344413,0,0,0.02,0.02,0,0,124.763117387277,21.9749251445883,14.4310553789755,0,0,0,0,0,0,0,59.7005463660423,0.0299057881621013,0.02,6.4562e-05,39.2333333333333
181.0,42.2340332172707,7.38657115389279,4.87228953582925,0,0,7.63712697754487,11.7904071850565,0,0,0.02,0.02,0,0,122.205867592638,21.3436945323029,14.0908896336795,0,0,0,0,0,0,0,58.0344964905773,0.0286093113383564,0.02,6.4146e-05,39.2666666666667
182.0,42.1271036944748,7.38064252268151,4.86308839660046,0,0,7.6402225531681,11.7962735230615,0,0,0.02,0.02,0,0,121.8925432396,21.325942917575,14.063835349097,0,0,0,0,0,0,0,57.9761557465366,0.0286764428044369,0.02,6.4097e-05,39.3333333333333
183.0,42.5593664465383,7.46921052522342,4.91613826904401,0,0,7.74116022203761,11.9532076934037,0,0,0.02,0.02,0,0,123.139333821818,21.5812324233525,14.2168071623244,0,0,0,0,0,0,0,58.6600735193929,0.0291093320388669,0.02,6.4369e-05,39.1333333333333
184.0,42.5169386399019,7.46707308521258,4.91254016392626,0,0,7.74276596488541,11.9561364035729,0,0,0.02,0.02,0,0,123.014946118768,21.5747995149481,14.2062175649257,0,0,0,0,0,0,0,58.6384157272724,0.0291383148653964,0.02,6.411e-05,39.1666666666667
185.0,0.0,0.0,0.0,0,0,0.0,0.0,0,0,0.0,0.0,0,0,0.0,0.0,0.0,0,0,0,0,0,0,0,0.0,0.0,0.0,0.0,39.3333333333333
186.0,0.0,0.0,0.0,0,0,0.0,0.0,0,0,0.0,0.0,0,0,0.0,0.0,0.0,0,0,0,0,0,0,0,0.0,0.0,0.0,0.0,39.3333333333333
187.0,42.4991225365445,7.46617554053205,4.9110292629924,0,0,7.74344024156408,11.9573662150389,0,0,0.02,0.02,0,0,122.962713765752,21.5720982355252,14.2017708264132,0,0,0,0,0,0,0,58.6293212797037,0.0291504852101296,0.02,6.42835e-05,39.1333333333333
188.0,43.1430455135747,7.5068171387341,4.96765024865444,0,0,7.73347393714438,11.9358527866817,0,0,0.0200308043002803,0.0200308043002803,0,0,124.848017845849,21.6930308567574,14.3680242948539,0,0,0,0,0,0,0,59.0149076625543,0.0288002283114801,0.0200308043002803,6.4926e-05,39.4
189.0,42.5148954989575,7.47527615533972,4.91440532141413,0,0,7.7574300795348,11.9795039774568,0,0,0.0200311954080359,0.0200311954080359,0,0,123.006407367759,21.5980865282347,14.2113140129864,0,0,0,0,0,0,0,58.6949830959193,0.0292304611594862,0.0200311954080359,6.4112e-05,39.4833333333333
190.0,42.4709642893071,7.47307829209121,4.91068347837487,0,0,7.75911961779826,11.9825792926023,0,0,0.0200312529299622,0.0200312529299622,0,0,122.877607363856,21.5914691843798,14.2003595175363,0,0,0,0,0,0,0,58.6726641023445,0.0292606383116153,0.0200312529299622,6.3994e-05,39.2333333333333
191.0,43.4092908530922,7.51202825672489,4.98821640834365,0,0,7.70899358074291,11.8945390406995,0,0,0.02,0.02,0,0,125.631099318995,21.7100980492593,14.4289406190902,0,0,0,0,0,0,0,59.0939278138888,0.0285287408277919,0.02,6.7239e-05,39.4666666666667
192.0,0.0,0.0,0.0,0,0,0.0,0.0,0,0,0.0,0.0,0,0,0.0,0.0,0.0,0,0,0,0,0,0,0,0.0,0.0,0.0,0.0,39.3333333333333
193.0,0.0,0.0,0.0,0,0,0.0,0.0,0,0,0.0,0.0,0,0,0.0,0.0,0.0,0,0,0,0,0,0,0,0.0,0.0,0.0,0.0,39.3333333333333
194.0,0.0,0.0,0.0,0,0,0.0,0.0,0,0,0.0,0.0,0,0,0.0,0.0,0.0,0,0,0,0,0,0,0,0.0,0.0,0.0,0.0,39.3333333333333
